"ID","nBites","BiteSize_g","ActiveMeal_pcent","BiteOE_sec","TotalOE_min","TotalIntake_g","EatRate","MealDur_min"
1,91,1.29887881924234,83.1862404587825,10.1126509897297,15.274064645021,118.197972551053,7.73847533698782,18.3612873484637
2,72,1.73909543776927,74.2656017349012,10.2968523206337,12.2789995885619,125.214871519387,10.1974815306637,16.5338990080402
3,109,0.207268431854233,97.2706268522066,3.51976451134626,6.37452617540206,22.5922590721114,3.54414719627165,6.55339271647498
4,29,1.37932152289329,80.2321952302617,34.4017238164273,16.8200949597804,40.0003241639055,2.37812713064657,20.9642711526311
5,32,2.83787557632348,60.2884024914654,21.5923185136631,11.5276092037011,90.8120184423514,7.87778426884862,19.1207740250424
6,57,1.0039363047554,73.5067078597204,14.0606337341715,13.3234002318452,57.2243693710579,4.29502742357629,18.1254209578689
7,78,3.05656099662012,71.9631054390255,13.8603783934416,18.0727774904068,238.411757736369,13.1917608050517,25.1139488494141
8,89,2.35944665498019,71.4126130795268,8.91455304510722,13.2060795169881,209.990752293237,15.9010667793654,18.4926428924838
9,36,2.96844581619918,81.9986895517017,23.7653228718885,14.1137981222377,106.86404938317,7.57160109969233,17.2122239994319
10,65,1.69552053342394,84.2299008029531,16.9115955995534,18.3978129304312,110.208834672556,5.99032260461043,21.8423775346369
11,105,1.81542363948391,94.6517009381098,6.32533043505601,11.0993944012201,190.619482145811,17.1738632987811,11.7265662330545
12,20,2.99886828069606,83.9637194562167,37.1639930522776,12.5060876263871,59.9773656139212,4.79585361991008,14.894632714441
13,62,1.55717226455414,96.3839195085016,14.7737631765565,15.3532779779033,96.5446804023569,6.288212884656,15.9292940733221
14,40,1.55277087771942,90.8825940550546,18.6500072387923,12.3122283177886,62.1108351087769,5.04464614411348,13.547399747778
15,100,3.06362129708179,83.2858865198542,10.0874754407454,16.7712263238417,306.362129708179,18.2671275071078,20.1369367904173
16,43,2.98512568479971,78.8539422713027,28.0231774830982,19.8703301215707,128.360404446388,6.45990296391919,25.1989051520157
17,49,1.87365727687888,93.219863439776,21.4152840690551,17.4064598322591,91.8092065670652,5.27443302382008,18.6724794372869
18,61,2.58569949616712,84.0667522323609,24.6878912234053,25.1060702705457,157.727669266194,6.28245151736231,29.8644465307192
19,56,1.87869489972483,99.997354676478,17.2252827687089,16.1988807448107,105.206914384591,6.49470269223961,16.1993092689492
20,20,3.53306980414054,73.6781304042962,37.8891595243558,12.8387160883152,70.6613960828107,5.50377433356603,17.4254097082336
21,16,3.14363257264519,57.4162127952957,17.9039581979968,4.87846186255139,50.298121162323,10.3102417482091,8.49666257150122
22,115,1.43545041451341,97.1392087630104,12.2139530503252,23.495562703128,165.076797669043,7.02587121469816,24.1875170719682
23,45,3.30241057660694,63.049372853272,16.0000701818842,11.9947504051383,148.608475947312,12.3894596325782,19.0243770275914
24,39,0.979719591934692,83.1825090304767,30.0783511514203,19.5121863068083,38.209064085453,1.95821541905434,23.4570783380186
25,36,4.015986596213,97.2889721626386,30.8644221405167,18.5420417030281,144.575517463668,7.79717356800345,19.0587291558916
26,43,5.18134170899714,65.5375582251846,24.836142465484,17.6913438453495,222.797693486877,12.5935991880823,26.9942065655889
27,49,1.61750074559872,69.8008742503395,23.1719754324611,19.0339969733665,79.2575365343374,4.16399858869576,27.2689950918114
28,67,1.11166191951649,84.5121988063368,14.6122397689746,16.2232926764875,74.4813486076051,4.59101306330689,19.196391651889
29,47,3.36369179251256,77.362696803686,18.2439136855312,14.4084788078243,158.09351424809,10.9722557361323,18.6245818761812
30,44,3.38968414711289,71.8667303512255,23.2057765688966,16.9072373710447,149.146102472967,8.82143541252901,23.5258196503667
31,14,4.61287679737615,47.7866225065812,41.9572995127975,9.57740033747037,64.5802751632661,6.74298587170925,20.0420114147037
32,15,2.66071954232411,94.2425450033745,12.4310678891495,3.18479911498247,39.9107931348617,12.5316516659109,3.37936450556214
33,87,1.85575838816899,78.3235204852665,15.4127322210457,22.308004047826,161.450979770702,7.2373565750019,28.481870975172
34,57,2.05211067832616,88.2840340755249,10.5422926713431,9.9909009270514,116.970308664591,11.7076837733304,11.3167698233006
35,118,2.44639883386338,70.2146574369298,9.03857493206313,17.7379257072087,288.675062395878,16.2744543618514,25.2624257593818
36,65,2.64386136933677,61.3572069901397,8.35817091328116,9.01341145267565,171.85098900689,19.0661427040342,14.690061518159
37,32,3.86321684989421,63.6307939824075,23.314662790941,12.4498354182132,123.622939196615,9.92968461380324,19.5657395405994
38,56,3.31255039784748,91.199821622455,22.8833631283199,21.2262601530324,185.502822279459,8.73930786403547,23.2744535849028
39,6,3.48422412993451,72.3467205852022,24.6359690690904,2.65702574257808,20.9053447796071,7.86794965686815,3.67262775850209
40,50,1.82822217966875,80.1996972048438,19.7077727865238,16.2753919211806,91.4111089834376,5.61652274956747,20.2935827545714
41,63,2.14521519610118,72.516965454513,9.3976752125984,9.858220423105,135.148557354375,13.7092245409347,13.594364244721
42,16,3.22623647730683,90.7162698096146,23.0816887154975,6.23140718510957,51.6197836369093,8.28380847270883,6.86911752234452
43,78,3.23143336779941,81.4497231075254,15.7466665535933,20.5778564778324,252.051802688354,12.2486908663144,25.2644891753243
44,48,0.599651458483444,68.5881090749937,11.6490615941826,9.33052049933894,28.7832700072053,3.08485148382071,13.6036998616437
45,74,2.10731000389126,89.4956429145953,16.5078953467535,20.2569120582632,155.940940287954,7.69815951411718,22.6345231997429
46,17,2.73633066882883,84.1906050211724,28.0385370433705,7.87947639466948,46.5176213700902,5.9036437245449,9.35909225582586
47,90,2.57855916724843,75.766330927181,14.0555775899587,20.9723992752044,232.070325052359,11.0655114852183,27.6803680718828
48,28,5.39708055485572,96.4515621691356,30.3322186234439,14.0278264692368,151.11825553596,10.7727491402438,14.5439080028977
49,63,2.97703767085185,90.3915034991368,22.7678448690062,23.9247474171467,187.553373263666,7.83930421473326,26.4679162211027
50,78,1.74862591015709,78.3785027590752,15.5293838751841,20.1516419224061,136.392820992253,6.76832297424865,25.7106747552316
51,70,4.24333989809968,78.04825309909,12.7089036319098,14.8348043029874,297.033792866978,20.0227644935743,19.0072214481894
52,66,1.51166040154019,79.9950658455164,19.8924033125945,21.785706596595,99.7695865016528,4.57958919345983,27.2338129437468
53,115,3.8374759866037,97.7074883318395,9.68672765045572,18.4953073722004,441.309738459426,23.8606328393732,18.9292629336511
54,69,1.43771757581849,71.4486487693168,10.7599882143327,12.3529238644667,99.2025127314761,8.03069085666696,17.289233704545
55,17,0.480551436025851,72.7439652889601,29.578992519035,8.60684769304272,8.16937441243947,0.949171485751179,11.8316999339448
56,89,1.22876045079137,79.4064136697971,9.65352234004351,14.2768002197768,109.359680120432,7.65995730394423,17.9794043830582
57,48,0.622879993920987,89.801399590168,16.587837982016,13.2975933313124,29.8982397082074,2.24839480071966,14.8077796025446
58,9,2.75903820552317,64.8008237704623,17.1362108353481,2.42793346043781,24.8313438497086,10.2273576497566,3.74676326498262
59,90,1.48247812981216,72.444804592651,6.68241194640968,10.0790440232492,133.423031683094,13.237667319969,13.9127216643381
60,81,2.02672484797171,90.4645876239595,6.63384719212466,8.93866677901186,164.164712685708,18.3656821251207,9.88084621152295
61,85,2.17186974922904,65.2998243527424,12.0990887480043,17.1526425743942,184.608928684468,10.7627106367887,26.2675171708542
62,78,0.373152050357603,75.4506360151658,6.63658449887571,8.67838093634768,29.105859927893,3.35383525353086,11.5020646540386
63,57,3.49076357468061,87.5748607026177,23.4226090711028,22.2704223698619,198.973523756795,8.93442973160946,25.4301544886114
64,56,0.249290713165429,69.819653233516,19.4553391586343,18.198618854607,13.960279937264,0.767106561700972,26.065180807674
65,32,2.79756679311084,86.3447505455093,38.6943987332851,20.4257125044534,89.5221373795469,4.38281589247025,23.6559980489929
66,51,2.50527052434334,50.1022359985928,10.9326810706808,9.22312905245086,127.76879674151,13.8530856518329,18.4086176367656
67,34,1.75144891609536,55.901680519743,17.2236709865514,9.78263021296743,59.5492631472424,6.0872446214216,17.4997068460446
68,60,4.65217355593094,76.2543582954252,18.1199119148392,18.2056777144288,279.130413355857,15.3320528757154,23.8749339990459
69,15,0.566444677505906,53.5006381634423,13.5037191483231,3.38785381711941,8.49667016258858,2.50798016126122,6.33236150710885
70,53,1.25972129603916,69.1443066462652,18.3468129420586,16.2996517706782,66.7652286900755,4.09611380840545,23.5733823379928
71,25,3.1574529720518,74.5511650155128,35.745182627273,15.1783724381955,78.936324301295,5.20057895684893,20.3596716899556
72,50,1.68257158201081,78.0313767614294,17.9544051012471,15.0349105213786,84.1285791005404,5.59554903774887,19.2677755351489
73,88,2.8649264456383,77.7157514740228,12.0435064404889,17.6476025768702,252.11352721617,14.285993019052,22.707883848706
74,27,0.5208885505648,56.9677145787037,24.9469752814017,11.3638614780995,14.0639908652496,1.23760667906361,19.9478977911247
75,58,0.878857820280367,78.8480926823922,3.60323210985103,3.45606218034506,50.9737535762613,14.7490846276302,4.38319059189727
76,82,0.842243282428858,81.3599892960988,9.36921060652255,12.8787344846881,69.0639491591664,5.3626347558666,15.8293217539861
77,39,0.926120003088342,74.5065689370793,24.2900423234901,15.7397145449849,36.1186801204453,2.2947481046887,21.125270925141
78,75,2.69120783393131,98.5243515968003,13.971183574396,17.4918242358901,201.840587544848,11.5391387898072,17.753808020451
79,86,0.929660858566639,78.3807543383605,13.8331585126642,19.8922973485739,79.950833836731,4.0191855387916,25.3790583115611
80,34,1.83124590461217,96.3839155679565,21.2462623718514,11.97168967771,62.2623607568137,5.20079975617305,12.4208376544624
81,29,2.16025389199176,54.4033901522046,29.0351048453277,14.121459542355,62.6473628677611,4.43632350323708,25.956947724852
82,69,1.80470171268157,88.9656696173535,14.8793338726495,17.0272545706357,124.524418175028,7.31324111344269,19.1391293336755
83,77,1.82420315056312,84.5367203608578,12.4080043634955,15.8881150340334,140.46364259336,8.84079969791745,18.7943357232367
84,83,0.361288315086566,66.6394827760477,14.1274994527348,19.4307869235273,29.9869301521849,1.54326895097985,29.1580698320056
85,131,0.895545205222686,82.7747286269526,8.09177017872316,17.6508597007335,117.316421884172,6.64649903025951,21.3239716922323
86,60,1.38690413668009,66.2228198882046,11.1964148585426,11.123693118091,83.2142482008055,7.48081121237247,16.7973715659793
87,69,2.25430030935171,90.4040698191511,16.7053467328276,19.130417616516,155.546721345268,8.13085863901781,21.1610137185035
88,65,1.42293113007352,94.4986926539638,24.7812533652147,27.0226410486856,92.4905234547786,3.42270480846569,28.5957829571647
89,8,3.18473503324302,71.1511193121428,35.9329593721657,4.57024259966695,25.4778802659442,5.57473256842007,6.4232898144822
90,32,1.35710205931898,64.3302399172944,19.4543369066899,10.222778602616,43.4272658982075,4.24808827289819,15.8910935444339
91,71,1.61464799812665,79.5963461741957,14.8504109116088,17.6265414832778,114.640007866992,6.50382878432224,22.1449128389666
92,103,2.47672108207133,88.4821274326345,8.07235914549893,13.8725234769605,255.102271453347,18.3890315180956,15.6783340087774
93,80,0.506621787558795,75.710859733005,7.94215863625192,10.6285272842241,40.5297430047036,3.81329810997068,14.0383127621397
94,107,2.5931312988639,87.9133933411438,10.2701058304093,18.2748118295212,277.465048978437,15.1829223505447,20.7872897803031
95,94,3.49257102501182,72.7933307936534,13.67404185539,21.406726427162,328.301676351111,15.3363793136789,29.4075380172443
96,44,1.06954895954101,74.5338616963279,28.7398929636583,21.2795654236995,47.0601542198044,2.21151857581604,28.5501984459071
97,81,1.98006782729663,61.3973036731214,5.65073305555991,7.59591203516374,160.385494011027,21.1147118698262,12.3717355335412
98,42,0.299456906294591,64.3395836905685,7.08381404180117,5.00849751322994,12.5771900643728,2.51117027235218,7.78447298838232
99,62,0.848766625595194,81.0415827813533,22.9471306361798,23.5399727479529,52.6235307869021,2.23549667411907,29.0467830711829
100,34,3.22667889372613,73.9566254510631,29.1984993391614,16.7591399138876,109.707082386689,6.54610457042481,22.6607688110068
101,48,2.26409330154903,93.0338421585661,30.5768478924537,24.4095913877243,108.676478474353,4.45220392050509,26.2373248501559
102,47,3.58479882185995,77.9478468777221,18.8603978096061,14.8393530559312,168.485544627418,11.3539683295071,19.0375406766654
103,92,0.825947580622274,74.2480917307294,3.73932684799139,5.71875392785001,75.9871774172493,13.2873661598195,7.70222344378874
104,83,0.442850012682578,78.9127840124705,10.1742744230903,14.0338653870904,36.756551052654,2.61913236580322,17.7840201213439
105,67,0.83653517833208,93.3084199892743,23.8532453534727,26.6241228431467,56.0478569482494,2.10515318301563,28.533462302981
106,86,1.79287984406649,80.3588224375217,14.4539168833489,20.5998580332234,154.187666589718,7.48488976676659,25.6348430805337
107,54,4.24974795448422,66.0793788006569,19.8691530035381,17.7679985109202,229.486389542148,12.9157141363506,26.8888703759175
108,61,2.81863967490509,95.5148585598363,14.7887522942969,15.0263155850382,171.93702016921,11.4423937921555,15.7319141875971
109,26,1.83630048331334,86.2594542880747,32.1346385738677,14.0732081299612,47.7438125661469,3.39253225883178,16.3149746843538
110,51,0.8737813722095,68.8062766699842,23.0871354241437,19.7056243079836,44.5628499826845,2.26142797031963,28.6392830155565
111,18,3.72819245183772,96.1066481072067,24.0727656672831,7.04783307659764,67.107464133079,9.5217158811422,7.33334604359087
112,13,1.0155911155847,59.4858821529278,20.38539979226,4.39417492970653,13.2026845026011,3.00458782679434,7.3869206787753
113,81,1.44135961275712,80.2603210083738,7.74633359988485,10.4987056387586,116.750128633327,11.1204307131266,13.0808169053589
114,74,1.2269428543298,71.4137584198648,14.9215213895364,18.2944047248084,90.7937712204048,4.96292569155215,25.6174792219304
115,69,2.89926408071659,79.7005013865362,18.4567036440921,21.3682902770781,200.049221569445,9.36196667938561,26.8107350710944
116,64,1.30083895436616,72.0104353617426,5.71082017173443,6.08447338866502,83.2536930794339,13.6829743120465,8.44943286080667
117,63,1.9346758326349,90.5085937412919,18.5935569342939,19.5908052067306,121.884577455998,6.22151954296008,21.6452431718568
118,7,4.12582762684461,58.3787992218661,48.7654192725425,5.32545850355704,28.8807933879123,5.42315621624352,9.12224741608314
119,34,1.83228433695245,73.3177813128314,13.6303594639955,7.62889152477253,62.2976674563832,8.16601825495752,10.4052405680713
120,48,1.87384165804585,56.4351528014647,4.85149704782228,3.90226412854029,89.9443995862007,23.0492853952062,6.9145983218442
121,60,2.76657249079541,76.5214733681656,20.0806855801205,20.007795881284,165.994349447724,8.2964835523438,26.1466422438327
122,32,1.69690717963965,59.0720171642543,13.7064690464955,7.28267894417895,54.3010297484689,7.45618887838956,12.3284751288057
123,66,0.645419965061796,60.9264687659424,7.2389097115547,7.91554802213741,42.5977176940785,5.38152476302911,12.9919691432407
124,59,2.93913699121836,83.9871898931632,18.0094936260457,17.5962940347534,173.409082481883,9.85486387868907,20.9511641681749
125,25,1.32696774268447,45.745629799496,26.015834612161,10.7460398653724,33.1741935671116,3.08710873798362,23.490855656535
126,42,3.33135427789609,74.3113710561953,18.9565497210997,13.116598004006,139.916879671636,10.6671622953531,17.6508626036344
127,76,0.117062174534373,75.520077382712,11.1997702694724,14.1222248165087,8.89672526461233,0.629980430152349,18.6999607335434
128,88,1.25380657987383,75.5367148839257,14.4460051244913,21.1229014070591,110.334979028897,5.22347649608514,27.9637543670225
129,55,1.95306636916989,93.8687331334699,26.4511992516237,24.4607489498265,107.418650304344,4.39147020905529,26.058462848376
130,83,1.84078913228185,73.2448504125636,6.19368110021349,8.55735183045437,152.785497979394,17.8542966336446,11.6832129252141
131,40,0.752133832013458,69.5846870731089,10.0815873512546,6.73170929005359,30.0853532805383,4.46919972093727,9.6741245426324
132,125,0.146388272659225,49.9924456067179,2.94414903535562,6.11771047659846,18.2985340824031,2.99107552611372,12.2372698561808
133,42,3.73547367097599,83.3498881056333,19.3402022725376,13.6514644278623,156.889894180992,11.4925321755799,16.3785036046613
134,71,0.810540152632212,72.7979035910263,16.8699477620909,19.9101721014869,57.5483508368871,2.8903994673451,27.3499250930919
135,92,0.249634020284774,68.5282221602934,5.40473788966985,8.3241349475841,22.9663298661992,2.75900499100686,12.1470172217707
136,106,1.9343699033922,93.6486284694758,4.8350482819703,8.57665646758637,205.043209759573,23.9071263416565,9.15833644096761
137,87,0.112354175851715,47.7842161672289,4.97971756894266,7.19744325577288,9.77481329909921,1.35809522239152,15.0623863549089
138,62,1.16448419996392,60.5268486017554,17.1530846840998,17.6540718648284,72.1980203977628,4.08959592724898,29.1673402343904
139,39,2.83144212408219,67.559358472237,20.4814074151914,13.2822524140484,110.426242839205,8.31381902683987,19.660122171685
140,59,1.8980888977509,73.6957542535556,17.6421899774704,17.4354685584876,111.987244967303,6.42295586101628,23.6587151255683
141,27,1.69672303856811,74.4078500129028,21.3485814830914,9.62499144194149,45.8115220413389,4.75964288567701,12.935451622742
142,25,2.15918561019303,94.6426823469916,28.0848185890418,11.6089993772713,53.9796402548256,4.64980990183441,12.2661352038912
143,18,3.34065735283294,93.852501314659,27.2762120008052,8.12952323753551,60.1318323509929,7.39672310343528,8.6620208557678
144,53,1.51266299679793,79.0873272751604,11.8344208079139,10.3839700405024,80.17113883029,7.72066353404185,13.1297521338337
145,32,3.68906511077088,79.9498165588776,23.8223964384358,12.6603833018818,118.050083544668,9.32436883858972,15.8354125710323
146,6,4.39619154548118,85.1040734061539,46.4634724585735,5.00081033930593,26.3771492728871,5.27457501548599,5.87611161153224
147,52,1.2300439216644,58.7305775356541,14.5918352362499,12.5932718933527,63.9622839265488,5.07908385272862,21.4424451823372
148,59,1.47549662735726,84.6806073035651,18.0857694349047,17.8425342304904,87.0543010140781,4.87903231062964,21.0703900203833
149,23,3.61312791621541,67.8420086843569,27.8591158026762,10.8815217748125,83.1019420729543,7.63697796987463,16.0395041152748
150,18,3.00455637309228,62.1691015885539,32.1504056851399,9.68409143148654,54.082014715661,5.58462454617276,15.5770168524833
151,84,0.659966164308653,70.1385379598637,14.5439044486944,20.447050165952,55.4371578019268,2.71125455026465,29.1523757989547
152,49,2.63402820239597,76.8670442840627,19.693291615819,16.1389291471885,129.067381917402,7.99727049671614,20.9959018165795
153,47,1.01126586956274,79.2481059966953,11.3442591520113,8.80210451107513,47.5294958694487,5.39978772231634,11.1070219286278
154,59,3.47632318970322,68.8980106700575,16.5542336731102,16.3420242163598,205.10306819249,12.5506525677012,23.7191524942851
155,68,1.83405895273578,72.0390143462015,10.4296278410672,11.7596459068133,124.716008786033,10.6054221168152,16.3239961200738
156,130,0.808556203976478,83.5629905411925,10.6255634506265,23.0443126801763,105.112306516942,4.56131228454318,27.5771756502857
157,17,2.24127705421313,87.6923007769006,27.5698006683095,7.96513095926906,38.1017099216232,4.78356352412312,9.08304479264751
158,75,0.491025308261691,58.7228663540469,7.12262884440256,8.91688463458413,36.8268981196268,4.1300184569837,15.1846890116419
159,16,1.45320871884691,29.6724379957664,11.684215912819,3.06538792841909,23.2513395015505,7.58512137598909,10.3307585607103
160,59,3.37253592466193,79.7933931627969,11.8173735461502,11.636354769474,198.979619555054,17.0998240855498,14.5831055783443
161,74,2.23672012803855,80.9230578666572,17.3787834100718,21.4983697664777,165.517289474853,7.69906236020478,26.5664327735886
162,38,3.5313162590862,58.6975051982636,22.8591989985365,14.4487573427428,134.190017845276,9.28730510604609,24.6156242823932
163,93,0.353413856560192,73.4952172853635,12.2243935471479,18.8960557290889,32.8674886600978,1.73938355873395,25.7105923719095
164,58,2.82743918937083,62.9963321322064,17.1028240901923,16.6298405923539,163.991472983508,9.86127750730867,26.3981092700031
165,42,2.54931094648695,86.7063640126976,22.3643638276371,15.7205658255245,107.071059752452,6.81089096542615,18.1308096637777
166,67,2.13258173907966,91.2057268718732,9.69388694353273,10.7932743075865,142.882976518337,13.2381492813452,11.8339874893481
167,52,2.32128524866075,81.4650035340376,26.8863703026854,23.3994102975554,120.706832930359,5.1585416638884,28.7232667801686
168,62,1.02161035730963,83.3889931572407,13.0012627086002,13.5336678358379,63.3398421531973,4.6801682235373,16.2295613886576
169,87,1.20320260224987,89.364499743808,14.5245198549954,21.1675374385725,104.678626395739,4.94524347480253,23.686740819068
170,130,2.38352886025812,80.1484909436424,8.49378153325922,18.41981508496,309.858751833555,16.8220337937355,22.9821109144927
171,27,3.74839114698679,96.3221910544026,23.0067673270109,10.1927678699078,101.206560968643,9.92925202068383,10.5819518413477
172,112,1.85972587057201,78.3336384821355,6.57654791010057,12.3017754108318,208.289297504065,16.9316452746053,15.7043329649972
173,21,1.56534875109997,71.7580860941662,18.3912785894834,6.43221531710958,32.8723237730994,5.11057577405091,8.96374982558586
174,57,2.44356488368438,94.9683191863974,25.2356243696498,23.868333617424,139.28319837001,5.83548062476941,25.1329430929243
175,47,3.49430807291972,81.3702062457449,23.9627133546277,18.6589684237016,164.232479427227,8.80179845412089,22.9309587434864
176,29,1.92788964822276,74.6596833500345,22.5976032906454,10.9491208006448,55.9087997984602,5.10623645646211,14.6653726741794
177,40,5.86879692512855,63.3423666604046,16.8699093430981,11.2349420948406,234.751877005142,20.8948007941178,17.7368524214987
178,92,4.7263826144534,77.2051385753785,12.4450913576682,19.1420453163889,434.827200529713,22.7158171105898,24.7937451698241
179,96,0.28461420137415,94.1654729752435,9.52915708013804,15.2645865866436,27.3229633319184,1.78995763670572,16.2103859348285
180,86,1.56730448866147,77.2872199328139,5.56086683100369,8.00366613082792,134.788186024887,16.8408056785027,10.3557433399539
181,19,4.82460886052848,89.6681999433707,29.9656627067417,9.24486996530073,91.6675683500411,9.915506512704,10.310087602003
182,52,0.759099907590793,62.3077551458724,16.0984070457089,13.8349079879914,39.4731951947213,2.85315921356209,22.2041509208631
183,87,0.535541316596726,78.8682711827584,2.64487904927075,3.84373981923634,46.5920945439151,12.1215526375487,4.87361997618712
184,68,1.12792331132973,76.8185312344448,8.45956493300755,9.64951438040242,76.6987851704217,7.94846063198707,12.5614408728446
185,78,2.68081096464437,88.5943056394639,15.9239475619343,20.7127112484581,209.103255242261,10.0954072469787,23.3792805293253
186,80,3.24109571397551,86.8634771784508,16.8625119750549,22.3600627881797,259.287657118041,11.5960165038137,25.7416160560134
187,71,2.36022698201558,71.7810615407343,17.3450188797192,20.3991932077035,167.576115723106,8.21484036240329,28.418628493154
188,48,2.61201715454647,81.7762598208269,21.5325372661312,17.1650807251645,125.37682341823,7.30417907294922,20.9902981168049
189,48,1.52699383581514,71.5059423532866,17.7558103867904,14.1536710607764,73.2957041191265,5.17856489700742,19.7936990898574
190,19,2.80670441481609,68.4954302672502,22.8765118256452,7.10100432959161,53.3273838815057,7.50983683523153,10.3671212836907
191,75,0.275091301190596,76.7394858369253,10.4483545349919,13.0209029195669,20.6318475892947,1.58451742684377,16.9676702646104
192,80,2.9128966307595,91.1397869542715,19.937682947874,26.69750276276,233.03173046076,8.72859654820646,29.2929176761794
193,128,0.683005605803027,74.5641485499313,1.9085289339749,4.07502368735554,87.4247175427875,21.4537937077665,5.46512468338149
194,64,1.62085004048222,59.1953006000633,9.65184876403628,10.2224523579096,103.734402590862,10.1477022302381,17.2690268556533
195,66,2.99993672732155,73.8740219537952,16.603202548303,18.134222807567,197.995824003222,10.9183517873511,24.5474963024338
196,64,3.23976669517478,79.0549379937521,15.7495904043345,16.8680068638477,207.345068491186,12.2922091605012,21.337069248199
197,85,3.01306669978098,66.9449535890823,13.6551567639398,19.4015510986822,256.110669481383,13.2005254723566,28.9813496888379
198,44,2.24812973286139,64.7782716593042,18.0078878395443,13.2434093281975,98.917708245901,7.4692026648522,20.4442153039372
199,58,2.51829125163058,60.1549563603839,16.1320302432601,15.6832605832173,146.060892594574,9.31317131533696,26.0714353930539
200,47,2.84852443748108,59.9998443154879,17.6084640428772,13.7477355366534,133.880648561611,9.73837823724977,22.9129520142849
201,39,1.11166870294114,75.4984647558342,16.2354189089472,10.4719618262038,43.3550794147045,4.14011052888085,13.8704301604948
202,101,0.640503238007664,71.7622638022348,6.16631855732671,10.3885387479397,64.6908270387741,6.22713440344087,14.4763252962154
203,71,2.48367563707621,89.2213058017958,14.7395447837306,17.4772783713025,176.340970232411,10.0897271580889,19.5886825621317
204,13,2.18561911268947,82.3482693295188,23.687281038424,5.0821376693347,28.4130484649631,5.59076717586886,6.17151727742861
205,40,0.140043819111094,88.4863711345051,15.2177452013824,10.1908952814701,5.60175276444374,0.549682104439762,11.5169094978246
206,35,2.16207417508564,88.3378542247952,25.4123314124334,14.9787761393153,75.6725961279974,5.05198792105432,16.9562372447926
207,68,0.949232112662173,77.4552089424509,18.8845764613632,21.5124857376087,64.5477836610278,3.00048002115272,27.7740981288844
208,76,3.37956205492334,92.7074717195168,16.8780175367642,21.4847304765954,256.846716174174,11.9548493500522,23.174756120625
209,72,1.83466356113547,90.4759635108739,16.5683417055778,19.885252863931,132.095776401754,6.64290151629685,21.9784925103794
210,19,2.19353703692151,79.0234417345107,34.6827883381792,10.9801767601764,41.6772037015087,3.79567693779449,13.8948348985681
211,90,0.16551878568934,92.4559938100012,2.03948947105965,3.06240827517484,14.8966907120406,4.86437123122981,3.31228744506078
212,43,2.47007848783234,65.9909488016036,23.389742398356,16.915793881917,106.213374976791,6.27894710223048,25.6335060930445
213,53,1.15564570753854,66.8547490609147,14.5039241850297,12.7271439070492,61.2492224995424,4.81248762070004,19.0370079699991
214,37,1.34108717350001,92.177902101524,20.1428262872214,12.5465547207522,49.6202254195002,3.95488853505158,13.6112391741499
215,27,3.21608568837384,61.3734122894558,28.9983553863243,13.0628327701497,86.8343135860937,6.64743360908071,21.2841885156089
216,25,3.60117749553945,96.0376311682502,20.2797287540469,8.58343074843975,90.0294373884861,10.4887474515771,8.93757024619055
217,107,0.941796361964745,63.199968255556,4.92755801516825,8.81631050465512,100.772210730228,11.4302020870316,13.9498654002569
218,36,0.79834527608386,67.8206777699745,26.8987327889073,16.222545398345,28.740429939019,1.77163504451965,23.9197630158852
219,10,3.44889986897269,69.5285818113369,30.6544287071281,5.02637418061868,34.4889986897269,6.861605891323,7.22922005551264
220,20,4.73489973456011,76.2766242280615,38.3561592921054,12.912490829221,94.6979946912022,7.33382861166497,16.9285032733142
221,35,2.72476671918661,80.2700491132054,9.37306934247203,5.39836805910172,95.3668351715315,17.6658638550481,6.72525819871914
222,52,2.26581461805889,70.9497701898666,14.6051043528727,12.5433859082747,117.822360139062,9.39318625773415,17.6792481141345
223,15,5.27255512641282,80.8848563384376,32.7481958154853,8.28830663901444,79.0883268961924,9.5421574443096,10.2470437782996
224,4,3.02891771522965,80.1854495561158,29.7313812746473,2.18446413519884,12.1156708609186,5.5462896669694,2.72426499731737
225,59,3.72317011868103,82.1839955380828,21.2567237316481,20.8717411822742,219.667037002181,10.5246148408901,25.3963573389451
226,14,2.52252155014698,76.0290602612193,23.8232923071491,5.39714266535247,35.3153017020578,6.5433329989159,7.09878912985254
227,40,1.41224166752747,44.8225914408484,16.6029042131541,11.0292467117025,56.4896667010987,5.12180642773735,24.6064458951633
228,23,4.49523875557594,76.2147280537475,28.0049266464166,10.505554370284,103.390491378247,9.84150742874616,13.7841525366007
229,56,0.657205359003536,81.7836555032411,15.9682512338972,14.9696233573207,36.803500104198,2.45854549748573,18.3039303699594
230,40,2.40873819532759,68.8680628181735,14.1951706496125,9.47487231782539,96.3495278131036,10.1689526339936,13.7580061498769
231,9,3.45370004413837,97.7095967797478,21.6494337426731,3.29843677879787,31.0833003972454,9.42364595163585,3.37575518424566
232,37,2.1704053112817,59.2192532662328,11.145497984958,6.90871991420467,80.3049965174227,11.62371575555,11.6663408151147
233,20,1.2830145446264,72.4558725211105,7.32785247952311,2.49809433985002,25.6602908925281,10.2719462924962,3.44774585265284
234,57,1.40021026817123,76.7861953379948,3.83962546791856,3.66493353771544,79.8119852857598,21.7771985397343,4.77290679865471
235,47,1.75387113971228,76.0178697412266,5.58938372908063,4.41957108110676,82.431943566477,18.6515709451683,5.81385810487912
236,51,3.94753987129629,59.0809015777272,14.1298471674134,11.9526551709086,201.324533436111,16.8434988341429,20.230996568635
237,70,2.74294904630545,69.6136971942603,8.71535768287291,10.2015842311106,192.006433241382,18.821236867882,14.6545646076555
238,34,3.65797715094084,75.1985824573391,32.4077470741714,18.4166435364443,124.371223131989,6.75319706796044,24.4906791253575
239,30,0.122048122898548,72.9017173985148,33.7456108140225,17.1358934442917,3.66144368695644,0.213671011602616,23.5054729240724
240,51,3.45424824568876,86.0305366168558,21.095515760686,17.8618510605116,176.166660530127,9.86273258764263,20.7622220701248
241,19,3.89910366927204,90.375505991907,35.3881907436811,11.3997262675446,74.0829697161687,6.49866215885246,12.6137343768404
242,62,0.769504707670441,85.5506530271884,3.42227362544503,3.52910863254327,47.7092918755673,13.5187937927503,4.1251685494694
243,83,0.501279219565196,65.9830176222637,7.78716006920692,10.7306591986157,41.6061752239113,3.87731773545457,16.2627590936292
244,105,1.10557955704136,81.2559520369504,7.06557034488578,12.39201628188,116.085853489343,9.36779381569148,15.2505951517802
245,76,1.15472213596482,55.0116063652661,3.55660223453684,4.51372593996472,87.758882333326,19.4426696482179,8.20504296855917
246,41,4.6258637573894,96.6022993504227,25.1873290053684,17.3975865751189,189.660414052966,10.9015358672914,18.0094953144019
247,29,1.71340617855009,82.620287210199,23.6024563031897,11.4608470845375,49.6887791779526,4.33552413808842,13.871710534459
248,27,3.1939661235208,56.2570269696252,25.8428355231293,11.8297132317515,86.2370853350616,7.28987116133951,21.0279744042264
249,40,0.790004299393161,78.5974029551599,25.9548028317777,17.3878223653922,31.6001719757265,1.81737375225444,22.1226423668375
250,21,2.85342271592201,60.7414477918705,28.9418992317766,10.0338160990956,59.9218770343623,5.97199275356097,16.5188951924167
251,42,2.63769404512178,85.5204897826584,12.151269870899,8.58151257894658,110.783149895115,12.9095131978137,10.0344520953465
252,35,3.60977595971956,84.3079641449165,36.1291989082044,21.2536610057948,126.342158590185,5.94448921321074,25.2095531203458
253,70,1.57855233549059,99.8180342169453,22.9674934029929,26.843418376546,110.498663484341,4.11641550022883,26.8923532577332
254,104,1.12643977732079,73.5083447073879,10.9685440923064,18.9529839838032,117.149736841362,6.18107085097922,25.7834454839769
255,30,2.15704265467186,93.1966761645778,27.0457401464753,13.6643546710338,64.7112796401559,4.73577283362917,14.6618476466947
256,61,4.0243751630759,98.5952057208594,25.8082416174595,26.0869622766277,245.48688494763,9.41032851370245,26.4586519049258
257,60,0.718062647924337,59.151172195449,3.4369394995378,3.46041749598028,43.0837588754602,12.4504511162331,5.85012497224276
258,31,2.44740168644028,66.605070500773,9.27947210560906,4.82234378451404,75.8694522796488,15.7328999486283,7.24020520998934
259,5,3.25512066372225,78.877828159326,25.8927916621994,2.21197347614893,16.2756033186113,7.35795591317273,2.80430322153514
260,34,2.31250287942549,66.6154706663942,20.3908214087258,11.6591477630325,78.6250979004666,6.74364022984269,17.5021622551025
261,30,2.09213713041278,74.3587663133972,27.525083323885,13.6079394870278,62.7641139123833,4.61231577140796,18.3003836153963
262,63,3.18728266726023,76.6949707310532,19.4111392100466,20.350824021394,200.798808037395,9.86686376071569,26.5347568783335
263,6,5.60937152372831,60.1318868235168,41.373514998168,4.45883106591846,33.6562291423699,7.54821805195195,7.41508590775612
264,33,3.51707039370758,85.34320159052,28.4521134882604,15.4825784829369,116.06332299235,7.49638202191331,18.1415487049841
265,34,3.20661497245075,73.303306356035,26.7162083920442,15.1133733622678,109.024909063325,7.21380372534952,20.6175875462724
266,17,4.23579059681734,72.5387127965369,18.1181203884381,5.13921046412201,72.0084401458947,14.0115764179346,7.08478309855998
267,59,2.53949853206628,87.6224999794122,19.7374606912115,19.307062647404,149.830413391911,7.76039401374485,22.0343663464754
268,81,1.74465223997373,75.4452170005436,14.8367012957289,19.968181477617,141.316831437872,7.07710071627098,26.4671271042578
269,45,3.09923703676038,88.2665782873763,27.2617137966388,20.6170572790767,139.465666654217,6.76457676604285,23.3577166795253
270,24,2.01160716243894,55.377824694367,32.9009484918751,13.2919413974676,48.2785718985346,3.63216857905592,24.0022815464972
271,46,1.83506447272347,97.1258896696625,15.5838622843452,11.9378198798102,84.4129657452798,7.07105372632089,12.2910790525701
272,16,3.97871855173528,80.59749265835,34.563802076529,9.38361525332891,63.6594968277645,6.78411199832397,11.642564729781
273,40,0.85241851056909,85.7463605902037,19.4334506965197,12.9350298780253,34.0967404227636,2.63600012866525,15.0852231966369
274,27,3.61247981491847,79.4262933264838,38.7390421977268,17.5375984743426,97.5369550027986,5.56159129458314,22.0803435988809
275,82,0.8189775639773,75.0188179354383,8.26947175805116,11.2440671838437,67.1561602461386,5.97258617794756,14.9883289197124
276,62,0.484657905476292,69.5714108329276,7.83928623826592,8.0778541163014,30.0487901395301,3.71989759989482,11.6108815669988
277,98,2.78766493825867,80.0458557644476,10.3285375002833,16.8610149275724,273.19116394935,16.2025337812024,21.0641947250706
278,58,2.75234246512721,69.6920833290654,20.1009749078474,19.3975965437965,159.635862977378,8.22967230073825,27.8332855285826
279,32,1.35857043081759,61.780450299957,28.8939638578288,15.4741125940536,43.4742537861628,2.80948283928534,25.0469404462472
280,66,0.561612428136768,60.9601340182954,15.340638107253,16.9737256539036,37.0664202570267,2.18375276075599,27.8439769322184
281,129,0.148634486773697,80.9846079610029,9.50815889948001,20.5045107329935,19.1738487938069,0.935103940956488,25.3190220330106
282,48,1.42604861826464,54.2535642798866,10.2888613085361,8.20646227204928,68.4503336767026,8.34102825401883,15.1261255937274
283,28,3.55801637773353,92.1584890300343,32.1209825390841,15.0598662122254,99.6244585765388,6.61522865957897,16.3412685806052
284,61,0.864021112913644,66.2219966978606,6.34149841604686,6.39948149898177,52.7052878877323,8.23586846779982,9.66367946919444
285,20,2.8309716202867,74.7821395618173,16.8558619167226,5.71528820276214,56.6194324057339,9.90666269084564,7.64258449444028
286,95,1.94847672940837,79.6187346517554,14.4261884207368,22.7413193916858,185.105289293795,8.13960202157263,28.5627741902131
287,106,1.82897119531325,92.5505005277991,11.2382476452208,19.9124451171423,193.870946703204,9.73616979545639,21.5152214235311
288,49,0.872588801946678,75.7449195368368,18.3193930004837,14.8427031741166,42.7568512953872,2.88066471408985,19.5956418791867
289,83,2.02470914379313,72.1770557770219,15.1848372765425,20.9786387692399,168.05085893483,8.01057021779868,29.0655230299911
290,53,2.05407168518118,74.2627848693128,22.8545247236738,20.2265124025236,108.865799314603,5.38233172126204,27.2364043957119
291,50,2.75333612715426,65.7880133252626,13.7369956378868,11.3474821934354,137.666806357713,12.1319253038664,17.2485558080806
292,34,2.48169974269406,77.9089629333295,24.0637563524423,13.7989497501565,84.3777912515979,6.11479806647175,17.7116332070354
293,36,1.35191570220652,54.9754908407047,13.2306210649226,7.91857973243298,48.6689652794347,6.14617354676572,14.403836348415
294,45,2.6131826438358,87.3173965824637,16.5447967978363,12.4596524300372,117.593218972611,9.43792129298267,14.26938149521
295,78,3.31842335847593,77.423567997582,15.2111601076091,19.8151096143365,258.837021961122,13.0626086354753,25.5931238081864
296,64,0.183607102503538,75.162907342192,15.4163835465326,16.5156116700368,11.7508545602264,0.711499809694922,21.9730878621374
297,88,0.198832357449721,71.2704416147703,14.4958540679579,21.2331786795032,17.4972474555754,0.824052193017424,29.7924050958915
298,39,3.42891752359782,82.0276819941814,22.2641471118432,14.5963829194909,133.727783420315,9.16170698986976,17.7944598270207
299,67,5.22075651636471,77.3400408742959,15.6142775042864,17.5050354374448,349.790686596436,19.9822895444247,22.6338585285938
300,72,1.73315473925818,84.5841373693513,20.4655674332313,24.541413685822,124.787141226589,5.08475766001535,29.0142034299619
301,57,2.14200021408507,88.0061029758582,19.2556486566648,18.1675417659839,122.094012202849,6.72044758589476,20.6435021568534
302,62,4.54890564541206,82.4225499144047,21.0033430800671,21.6814298474036,282.032150015548,13.0080050993187,26.3052160724458
303,36,3.1564760565262,95.5568229515474,29.3157748987964,17.6814928085034,113.633138034943,6.42667105462356,18.5036424007827
304,42,1.5298183618243,53.8452640224767,18.3474970980989,12.9179945229271,64.2523711966208,4.97386580266655,23.9909577145628
305,20,4.88173303554241,90.7426873765717,38.3876828944674,12.888755182226,97.6346607108481,7.57518156955061,14.2036295759449
306,57,1.41847593316329,98.1887140354877,18.8935911509169,17.9335804628521,80.8531281903078,4.50847661780582,18.2644009945689
307,58,2.69969149020796,84.9829962252848,20.5362039469762,19.9415046847804,156.582106432062,7.85207078940071,23.465287846426
308,44,1.5396096378261,95.4788938502183,12.487473898728,9.23698045021222,67.7428240643483,7.33387110966462,9.67436893927851
309,55,1.8189113429182,73.5874327275081,24.0982377989099,21.9281355795728,100.040123860501,4.56218101614135,29.7987506382673
310,84,0.850119607280026,71.6949886618286,4.88108950966653,6.86462530524825,71.4100470115222,10.4026139572289,9.57476308090006
311,51,5.18550743832284,70.0671195397105,21.2707233404239,17.9561795591722,264.460879354465,14.7281262410508,25.6271125131604
312,66,1.07751833685648,71.8673897982423,16.2684236262109,17.8149977915631,71.1162102325277,3.9919292196717,24.7887085388467
313,37,0.32936320373405,87.0301104291114,11.2312889278713,6.89646986694833,12.1864385381598,1.76705456172062,7.92423430574147
314,72,1.91674861998833,74.8061431483656,8.08259744287411,9.70723827549756,138.00590063916,14.2168036595441,12.9765255458296
315,9,0.615549441783766,74.8135180503061,28.045909838735,4.01419191678501,5.53994497605389,1.38008971441776,5.36559704903301
316,63,0.200307265334666,95.2029861435217,22.6586266075791,23.6436467818029,12.619357716084,0.533731443061327,24.834984425971
317,111,1.94256223470412,90.5466223243461,8.42606582502021,15.631085803494,215.624408052158,13.7945892411363,17.2630247294064
318,25,0.825345386209009,64.9171415559359,20.5044509785082,8.65099007294466,20.6336346552252,2.38511829065154,13.3262030114042
319,22,2.67582465805689,62.3454754712965,30.2188985233479,10.8475300887694,58.8681424772515,5.42687063280869,17.3990654602732
320,79,2.31828527666193,86.2832088520419,8.91723433224539,11.7381482940492,183.144536856292,15.6025066533824,13.6042092664608
321,13,2.2913297167436,60.2884073363575,25.0244453674602,5.44475131234884,29.7872863176668,5.47082586675876,9.03117457054689
322,31,4.03712145620246,73.9704804915347,21.3117129355669,10.8813639913909,125.150765142276,11.5013857859449,14.7104140990894
323,30,1.71690600199333,64.6382734509695,14.9455664055944,7.53681754280454,51.5071800597999,6.83407549237731,11.6599920456129
324,37,2.11334271610288,59.7830705061823,13.8627260204962,8.47700580605881,78.1936804958066,9.22420985484272,14.1796092677812
325,49,4.07791302196652,77.2861063635687,23.9302985811726,19.6428615315981,199.817738076359,10.1725371201607,25.4157732299183
326,27,2.26486409024089,55.1470040027326,20.0618612267718,8.98194166033807,61.1513304365042,6.80825290889303,16.2872704016577
327,92,2.26280522465071,72.6788270005552,10.6908289976312,16.3143848812198,208.178080667865,12.7604002347344,22.4472319580711
328,36,1.68189345230301,59.1017672917673,19.983241161784,11.9852823262974,60.5481642829083,5.05187634587941,20.2790591136298
329,47,1.08441594781942,91.0440648556255,7.57396267115368,5.93784042316546,50.9675495475127,8.58351621385304,6.52194125183391
330,119,0.643139263663116,94.6389895599363,6.83124251788675,13.5036922441985,76.5335723759108,5.66760342222634,14.2686352707162
331,121,2.11592957215782,76.2404556289522,7.06724074865198,14.2839057212871,256.027478231097,17.9241926701842,18.7353362508799
332,67,1.19852805172657,88.7540474335284,16.0029974477688,17.9070813787548,80.30137946568,4.48433654637604,20.176072975338
333,35,4.63687345420104,83.432467235913,33.1750164994725,19.6259951664511,162.290570897036,8.26916390840947,23.523210827455
334,86,0.240164016661516,58.1282920908818,9.92729963204234,14.2228168701756,20.6541054328904,1.45218107083983,24.467976537034
335,80,1.78854723018253,77.3282915537295,16.4185576375497,21.8460646865772,143.083778414602,6.54963630600786,28.2510634175825
336,48,1.85186644759313,50.3480563225878,5.09959768511668,4.0792596428352,88.8895894844703,21.7906182168609,8.10211940794448
337,45,1.8726684605795,85.6987862852234,21.1076361905707,15.845089363667,84.2700807260777,5.31837207048578,18.4892809460932
338,8,5.96474171856723,88.8186204246388,28.9433735557412,3.87983787173479,47.7179337485378,12.2989504525873,4.36827081211734
339,15,3.49440790024083,80.1516031100845,21.3406167673868,5.2093336534603,52.4161185036125,10.0619622374918,6.49935054487372
340,30,2.71298372065844,63.4793347571529,27.0582114534706,13.498062508522,81.3895116197532,6.02971808497465,21.2637113482053
341,104,1.00519047391109,74.8623386177892,7.91139970802985,13.756199446256,104.539809286754,7.59946885730899,18.3753269003371
342,25,1.93539478977837,77.9184664079667,19.6024847152485,8.2307586285416,48.3848697444593,5.87854314870519,10.5632964918058
343,60,1.94247442834913,89.9938706658572,26.5486251218088,26.7624719272164,116.548465700948,4.35492154902262,29.7381051945017
344,70,2.28829624679888,82.7888245860963,14.5136837665357,16.8702344922794,160.180737275922,9.49487319510751,20.3774296550559
345,90,0.783868810385566,77.3205197561833,11.6379334698337,17.3981286608976,70.5481929347009,4.05492994733729,22.5013084699373
346,78,1.58718709802997,95.3447450739735,18.5760022260441,24.1052520136965,123.800593646338,5.13583486187968,25.2822030149584
347,47,1.96697388376995,73.2094875506193,26.7521617027829,21.0288722977591,92.4477725371879,4.39623063130396,28.7242446318438
348,73,2.02299834511542,91.4191361511381,15.3436285547194,18.5435294700391,147.678879193426,7.96390349701397,20.28407864124
349,83,1.15985880952203,91.1219673883792,3.87121870079926,5.37597069818586,96.2682811903286,17.9071439550098,5.89975266367159
350,49,1.93840562964675,83.0650786618525,21.0313965886889,17.3484042615443,94.9818758526909,5.47496325429967,20.8853161172187
351,95,0.334564763646237,99.9612048124504,14.020608700215,22.1033372506384,31.7836525463925,1.43795718203026,22.11191560977
352,32,1.57066545249659,87.4625817441954,28.2829681619951,15.024536604816,50.2612944798909,3.34528084305642,17.1782450336977
353,73,2.46064890302434,84.0725221585595,12.343446887653,14.9427923089788,179.627369920777,12.021004254529,17.7736933843818
354,43,1.53402185930422,83.5862639626432,14.2323504419468,10.117684281248,65.9629399500814,6.51956891680602,12.1044820064812
355,54,3.65142678187766,81.3859230075823,17.0289547598689,15.4560600123172,197.177046221394,12.7572645334102,18.9910729535835
356,53,1.72887032576687,89.0156071051624,17.0919731668707,14.9865506641278,91.6301272656441,6.11415724133054,16.8358686206822
357,91,0.552700452642274,97.470812964213,12.940940823731,19.6765669561994,50.2957411904469,2.55612380464573,20.1871374186894
358,38,2.09524257441647,71.6401881445556,20.434437778055,13.0913398996678,79.6192178278257,6.08182343732792,18.2737374631849
359,60,1.25031011708906,56.3344589383165,13.8788995057425,13.7739648563951,75.0186070253433,5.44640615882748,24.4503366429362
360,43,5.44235432227518,75.3147615211134,25.9202107987935,18.3648756436043,234.021235857833,12.742870705979,24.3841649003376
361,34,1.37471060890049,52.5150253333348,14.3868710873661,8.14335725050473,46.7401607026168,5.73966722382465,15.5067186939651
362,18,3.7353121427088,88.7290765078399,25.3042193120381,7.57323545691438,67.2356185687584,8.87805733114664,8.53523529712972
363,49,0.611454315081994,42.3082293313647,3.53280904763192,2.8592503027035,29.9612614390177,10.4787123431231,6.75814220517102
364,36,1.15049861994572,52.223625306011,24.5259344713725,14.7660650766263,41.417950318046,2.80494160787682,28.2746840919271
365,51,1.61832271035361,78.3878886447058,13.6081118249248,11.5389300622137,82.5344582280341,7.15269594174141,14.7202970531763
366,13,4.83075649685474,84.5198255907236,37.1673756512336,8.07742152625724,62.7998344591117,7.77473779905735,9.55683648162161
367,80,1.31434679235348,84.2599291402352,12.1381416805129,16.1883352533573,105.147743388279,6.49527834348946,19.2123770083106
368,48,3.92671773533458,89.3930853103036,33.2722018898839,26.5053961060241,188.48245129606,7.111097323055,29.6503874030277
369,51,0.621759419302281,73.2719831430728,16.2619136578624,13.8884643012029,31.7097303844163,2.28317038491217,18.9546723119039
370,57,3.63590645542775,73.3370760581842,15.3746892983133,14.7074230289588,207.246667959382,14.0912971328366,20.0545533302831
371,54,1.27225909211625,75.1835326714193,11.0467248460178,10.0123927627914,68.7019909742774,6.86169556088442,13.3172682993621
372,51,4.30523207586681,87.7077193208958,26.0980272428258,22.1535490943153,219.566835869207,9.91113590578355,25.2583800671663
373,54,1.57495787066894,77.078273733697,22.7003651946628,20.3942922107061,85.0477250161227,4.17017291590421,26.4591968953115
374,92,2.50270869045172,75.4378906123615,14.6125638310583,22.3391171737061,230.249199521558,10.3069963656652,29.6125951990041
375,95,2.8032182410381,74.4340931766695,10.8527202124644,17.2684566118939,266.30573289862,15.4215132761313,23.1996600951491
376,30,3.07952696291749,74.4092268603868,31.7921998599823,15.8156320583237,92.3858088875246,5.84142376016533,21.2549339989762
377,38,2.37826268661695,73.6826714327571,23.7573467850444,15.0050701707967,90.3739820914442,6.02289633189004,20.3644491696943
378,68,2.25359149700812,92.220570072197,18.5634163513757,20.9642692325776,153.244221796552,7.30978123284247,22.7327473861474
379,104,0.476367550675864,62.6263975601607,4.25593659890316,7.39299179325424,49.5422252702899,6.70124175107226,11.8049130738397
380,11,3.76311639903793,79.4689685467738,29.5217260421193,5.5891599601676,41.3942803894172,7.40617206958162,7.03313514995219
381,122,2.93558470677489,78.919875615632,11.1312982130837,22.5673360919863,358.141334226537,15.8698985457,28.5952504561681
382,35,1.76824063002565,74.123703348005,15.6640135002196,9.01251439604094,61.8884220508977,6.86694293415879,12.1587481317925
383,109,1.20996004121931,84.7829112163734,3.31839756020197,6.0178250221186,131.885644492905,21.9158323826561,7.0979221352291
384,70,1.99217918739081,94.3297903964516,22.5933175191296,26.3643526696065,139.452543117357,5.2894355065323,27.9491267380133
385,8,2.60307684200367,52.1278383877293,31.6588718528294,4.34672109244445,20.8246147360294,4.79087898513367,8.33857920620711
386,98,1.48215810758808,86.9289809260507,14.8055372176466,24.2563537672925,145.251494543632,5.9881833822646,27.9036444565329
387,68,0.703769178416009,99.7297784562998,17.1039689578272,19.31319965771,47.8563041322886,2.47790656030338,19.3655294904448
388,52,0.66037436318732,57.9589083803594,16.4337674669813,14.1281649108706,34.3394668857406,2.43056809588334,24.3761749585647
389,85,1.03811892543179,89.2345907418123,3.53674934206369,5.02916984052049,88.2401086617022,17.5456609062481,5.63589724423311
390,121,1.79880798108997,97.2292745801641,7.94192012195061,16.0233051644766,217.655765711886,13.5836997097468,16.479918454257
391,74,2.06847164299409,72.6577918786616,15.3516659321294,18.8638906746949,153.066901581563,8.11428057027998,25.9626534015754
392,34,1.65073186556534,92.89715061365,23.2802196167071,13.0532489315544,56.1248834292217,4.29968689967659,14.0512909656847
393,12,2.63027253163743,79.2853013343922,29.3889150595526,5.87789771200408,31.5632703796491,5.36982300920095,7.41360329478167
394,79,1.27754003044257,96.671365753711,20.0032448585682,26.4319203687596,100.925662404963,3.81832500238043,27.3420367682608
395,61,1.94587462835526,91.346766630343,14.8243810286732,15.1856749811695,118.698352329671,7.81646864409116,16.624206352724
396,51,1.65648885694287,68.4191582013791,11.5423792756406,9.72448040501458,84.4809317040862,8.68744942511502,14.2130956601254
397,70,0.924178880676227,83.7043621793044,8.18095276030824,9.49844812157737,64.6925216473359,6.81085171169969,11.347614239304
398,51,3.18710307180657,93.7396847753435,24.8118631833413,21.1633269389104,162.542256662135,7.68037355994762,22.5766994945956
399,49,1.76847522454506,96.6416050502419,14.6159097386294,12.0182681709488,86.6552860027079,7.21029725498849,12.4359153231166
400,54,1.05318125586541,76.2814877026798,13.9873958977461,12.4858191624992,56.8717878167319,4.55491042089931,16.3680855454273
401,33,0.66186067637596,68.3981363055143,27.5348851441099,15.2465398010579,21.8414023204067,1.43254814570393,22.2908702262824
402,60,0.460919830730999,81.3436980754125,21.8654065505294,21.8880208622923,27.65518984386,1.26348517382415,26.9080720205274
403,84,3.46022174941589,84.2150145801384,15.6248625520407,21.9836353425151,290.658626950935,13.2215906251327,26.1041756652498
404,58,2.66109784730088,93.2751167319689,11.49998296654,11.1234361419523,154.343675143451,13.8755392824471,11.9254057584469
405,35,0.841111341158514,76.8478053047759,17.0258678001912,10.0215451282658,29.438896940548,2.93756068188682,13.0407694644247
406,12,0.662168959070635,44.6634263333063,11.2803678962028,2.33274549832624,7.94602750884762,3.40629850729492,5.22294344575771
407,76,3.57356446962613,80.6411377364976,18.4053666261423,23.2444604378754,271.590899691586,11.6841128843346,28.8245690603087
408,36,3.44840525118646,91.7140825712828,34.3138181449123,20.7835261367905,124.142589042713,5.97312449416167,22.6612157632793
409,66,2.30756891416994,87.7618337927226,6.40870634549725,6.99852118768373,152.299548335216,21.7616756813195,7.97444730269989
410,66,2.02137493430683,88.4317987935595,21.3340026090052,23.3665597298892,133.410745664251,5.70947316192205,26.4232550379728
411,53,4.22408860687949,94.7510439649915,31.1451540326083,27.7010501323372,223.876696164613,8.08188480563295,29.2356146942003
412,41,2.29659202532372,58.87305956495,21.2334868941328,14.6441789894254,94.1602730382724,6.42987723014487,24.874159925848
413,76,1.90249217545891,75.9986754665034,15.1218709499885,19.2467666605667,144.589405334877,7.5123997648455,25.3251343427028
414,7,3.0037521153625,81.6171748327762,18.6429082808257,2.30873272685267,21.0262648075375,9.10727541693451,2.82873394182411
415,27,4.24594105319536,83.148704947231,25.398701776832,11.6195387490857,114.640408436275,9.86617549214644,13.974407366248
416,37,4.30275362683238,93.9378857632209,38.7245772311564,23.8183441571747,159.201884192798,6.68400301642472,25.3554185977861
417,12,4.20479131449733,72.7867288499162,33.0828348262879,6.62962654025291,50.4574957739679,7.61091073043204,9.10829026802809
418,25,4.08084137094784,82.5829713928321,33.2183833056207,14.078061065344,102.021034273696,7.24681004011563,17.0471718659495
419,49,1.7864640836467,72.6667179872995,19.8635909097718,16.2710197024676,87.5367400986881,5.3799172823454,22.3912957033665
420,28,3.2741689895471,87.9783045179415,20.4871124721606,9.58308259144443,91.6767317073188,9.56651795834107,10.892552026267
421,78,0.563736589716456,84.4160951086233,6.77700116075618,8.76073178318765,43.9714539978836,5.01915308973016,10.3780348663542
422,29,4.1093246444012,51.4564024220285,16.937164461376,8.12413441533158,119.170414687635,14.6686906684779,15.7883840162398
423,75,0.938559976546263,82.3683545493647,10.758541602699,13.4779859949023,70.3919982409697,5.22273863970431,16.3630633009971
424,76,0.942499622619519,64.3036307945005,2.84582620040366,3.62006033877593,71.6299713190835,19.7869550824405,5.62963598485566
425,41,3.22639918690747,76.5975047121492,23.7138261543251,16.2759157034753,132.282366663206,8.12749150789476,21.2486239135852
426,25,0.716444511479726,53.0277261960883,8.22417487614232,3.46988406526357,17.9111127869931,5.16187643451788,6.5435279129874
427,11,3.21436460491634,85.7778704748334,26.798385024836,5.1161154518988,35.3580106540797,6.91110491671115,5.96437685335151
428,94,1.3402646817947,81.9575589204282,4.95374738071529,7.75316538969412,125.984880088702,16.2494766661585,9.45997598247356
429,62,0.101402469069397,65.0401326649899,5.46892210267854,5.67761054015083,6.28695308230259,1.10732376548948,8.72939569387901
430,47,2.4412976430007,63.8176333085786,9.69307163210348,7.54340166742124,114.740989221033,15.2107754935788,11.8202466565103
431,14,5.0107074760998,93.0310708855741,36.6578436882621,8.38237915306218,70.1499046653972,8.36873438727364,9.010300615987
432,107,1.3595010227563,64.337469356932,10.8106077004749,19.2216881987024,145.466609434924,7.56783732683502,29.8763510452426
433,35,2.92341335075128,84.3922167569694,34.1109765730608,19.9920830686921,102.319467276295,5.11799930626182,23.6894868234885
434,75,1.0158152688361,86.4646891546003,18.0400037878724,22.4449960579581,76.1861451627077,3.39434878785355,25.9585690730074
435,64,4.05964821860098,70.0930158440761,19.1787263935204,20.5631991958088,259.817485990463,12.6350712025111,29.3370158897888
436,23,1.03521882682821,75.6743683810991,24.3376895350359,9.38122143284912,23.8100330170487,2.53805255397511,12.3968281910262
437,62,1.12492798807848,79.1297889561917,10.1262704206988,10.5090355818523,69.7455352608655,6.63672082158582,13.2807577531521
438,61,1.04956177868294,86.2709252505883,22.1492120846744,22.5753730323731,64.0232684996591,2.83597832061732,26.1679968851605
439,72,2.87603906453718,62.8557252532695,11.6023517864867,13.9287906987226,207.074812646677,14.8666755876853,22.1599395164056
440,53,0.289175604540902,83.8925652777376,16.5424892416938,14.4966787640018,15.3263070406678,1.0572288515302,17.2800518329706
441,56,1.50738512497633,81.8792822940413,20.2807961281488,18.9638781735022,84.4135669986745,4.45128186473079,23.16077723471
442,27,2.9560043536348,81.3575967184252,27.1412405613579,12.3790918917011,79.8121175481395,6.44733218287566,15.2156558096775
443,44,2.46382779034008,89.01573761843,10.9549341235419,7.99564091293759,108.408422774964,13.5584406497733,8.98227788350333
444,71,1.42664338443936,69.9990330029229,17.5749154008289,20.8297520694786,101.291680295194,4.86283657901117,29.7571997439006
445,7,3.66892860403294,52.6207408327502,27.1413871051572,3.28859062656117,25.6825002282306,7.80957654649961,6.24960913608881
446,30,4.17075863910509,90.1823093659445,36.1727304425758,18.1096808044215,125.122759173153,6.90916424891397,20.0811899049242
447,47,4.43731701137922,71.205255228418,10.792027755639,8.47513698520078,208.553899534823,24.6077319928868,11.9024037734484
448,55,0.352684509276379,69.664531007431,13.2745395265977,12.2765390392817,19.3976480102009,1.58005834935509,17.6223665927963
449,55,2.74400305843494,65.7185296747582,12.9709073151842,11.962601554201,150.920168213922,12.6159989137916,18.2027833145448
450,98,1.99091435491774,67.4630566819032,6.04408700789918,9.84468893023198,195.109606781939,19.8187680854778,14.5927110546605
451,49,2.05403534025077,69.5042623904373,22.932644646845,18.8444834002289,100.647731672288,5.34096528595022,27.1127018000289
452,11,0.968613704131231,72.1740620520688,18.2804374191232,3.33409754459987,10.6547507454435,3.19569256835353,4.61952320515719
453,23,1.66393167841028,80.1016767151072,32.1857763276836,12.4363960072359,38.2704286034365,3.07729253564856,15.525762402537
454,34,1.23599362299479,77.2367160106466,19.359861348698,10.842210879917,42.023783181823,3.8759422452909,14.0376383667354
455,50,1.56597529170095,90.4152787002059,11.3542945043262,9.44306587330986,78.2987645850476,8.29166773117122,10.4441041481724
456,65,0.56178745388961,57.4245708885629,4.79775494686551,5.22630692816722,36.5161845028246,6.98699578970771,9.10116844984232
457,35,2.95554183624138,84.3570719820276,37.3499389127173,21.9138282641692,103.443964268448,4.72048804168037,25.9774643065349
458,65,3.5385431102611,78.0032618964517,17.4485544344029,18.8028659186333,230.005302166972,12.2324598368295,24.1052302961303
459,61,2.0280980153005,82.4559927282133,19.3611451401327,19.5377078274866,123.713978933331,6.33206208352054,23.6947093607686
460,58,0.113437944733404,66.5230767361322,14.9505612180184,14.4718254895149,6.5794007945374,0.454635166745502,21.7545943446336
461,52,3.3468051847735,78.4796988276728,20.9266324834265,18.122962724128,174.033869608222,9.60294805310846,23.0925487671949
462,51,2.11797770292549,63.8451538767437,8.86910902634909,7.57353711153994,108.0168628492,14.2624062255683,11.86235235044
463,57,1.6704038469185,74.8553759042885,20.7513011630869,19.722520494478,95.2130192743547,4.82762937429892,26.347500438306
464,7,4.50965324327139,79.2599972690079,33.0134803677211,4.03710541314596,31.5675727028997,7.81935804799813,5.09349678557779
465,70,2.73327384017174,89.6701359274517,18.8429658993684,22.1061591895481,191.329168812022,8.65501633148843,24.6527553024267
466,14,2.27779187622576,87.3688063314941,33.0716700719855,7.75933408465682,31.8890862671607,4.10977100859952,8.88112635442953
467,45,3.73587595975002,82.3717572612172,19.6607110594815,14.7950814348288,168.114418188751,11.3628585911664,17.9613521997723
468,85,1.0553373126862,62.0316805328829,9.7104798450641,13.7837841278077,89.7036715783271,6.5079132658032,22.2205557054043
469,60,3.51966096606225,74.0270376813858,13.8579170846209,13.8634648544714,211.179657963735,15.2328195137757,18.7275693971979
470,22,2.52419954202837,82.5701058043252,24.2706643030978,8.92472293150383,55.5323899246242,6.22230968410208,10.808661130523
471,83,1.83242672022784,85.4656147865443,9.3501346000224,12.8731415747224,152.091417778911,11.8146310204151,15.0623635094346
472,33,4.36239649340998,68.2702696492279,34.5848728822191,19.2217548865416,143.959084282529,7.48938300026522,28.1553815230302
473,39,1.06032954773347,68.6569759334278,16.3049737524503,10.616470789232,41.3528523616054,3.89516000020916,15.4630620485325
474,21,2.63008469454542,91.0181827117088,47.7250573425904,16.5011456415626,55.2317785854537,3.34714811839109,18.1295046219813
475,59,2.76354147181521,80.980939607376,16.6672872418219,16.4957771876213,163.048946837098,9.88428401903076,20.3699503458451
476,25,1.19309650989906,55.4055409534531,10.7501397056377,4.48190198110542,29.8274127474765,6.65507922154955,8.08926671227833
477,111,2.30529917313136,87.680186488282,10.9694647174127,20.2073251132122,255.888208217581,12.6631410532546,23.0466265213896
478,49,2.00980821175514,59.6372938620206,21.7982308523027,17.6966218974586,98.480602376002,5.56493792694665,29.6737506876189
479,60,2.24719583842849,66.2644271071731,15.799731507378,15.7223850518126,134.831750305709,8.5757822277839,23.726735049537
480,45,3.91060544590269,69.2312749711611,27.0459028140391,20.3282980811417,175.977245065621,8.65676233018608,29.3628827283762
481,84,0.982519392354943,56.8004387963002,3.97791333046536,5.595829283498,82.5316289578152,14.748775342593,9.85173601134661
482,47,3.08473425169439,66.0813370324629,17.0676407103274,13.4832461840363,144.982509829636,10.7527896361702,20.4040153991021
483,41,4.16211705495304,76.2509254750283,28.8859857366119,19.887313143488,170.646799253075,8.5806864920288,26.0814055955308
484,58,1.87407144618078,75.4821534927323,9.99769332405988,9.67873096876681,108.696143878486,11.2304127709766,12.8225421783955
485,102,2.45609068847868,92.2869516470785,15.2074066299365,25.9351271741755,250.521250224825,9.65953428885737,28.1027021819466
486,46,3.39462128684395,74.8496405444379,19.0029670248662,14.424225681098,156.152579194822,10.8257165859135,19.2709351390063
487,62,2.31517626113135,92.5671471833376,25.9279289213171,26.9269326456083,143.540928190143,5.33075675864457,29.0890812398886
488,42,3.53028710524619,94.5757554750759,15.2871188356718,10.7708760704198,148.27205842034,13.7660165664278,11.3886228202093
489,72,1.82271978996681,89.1077577215577,5.93518064147787,7.15813358559464,131.23582487761,18.3338049378842,8.03312053700447
490,17,3.29663442156258,69.3581222007534,26.3257466116509,7.562374863542,56.0427851665639,7.41073884564287,10.903373135814
491,42,3.50312399871983,79.1759213547264,23.9688423685559,16.9090237846108,147.131207946233,8.70134253877742,21.3562703095736
492,46,3.30163383770964,76.0679228217367,24.0335063202503,18.4207365372988,151.875156534644,8.24479283046703,24.2161687265569
493,67,3.5014204612971,65.6406637136068,10.7219159990198,12.0339342823566,234.595170906906,19.4944700047809,18.3330478419006
494,72,1.81034586243755,76.0636173870637,12.7018471384021,15.2586743677384,130.344902095504,8.54234771344843,20.0604111293995
495,21,1.42065610904089,63.7576961846191,16.7979181904656,5.88207073557699,29.8337782898586,5.07198563754303,9.22566386110415
496,50,4.3534793787056,89.6340754007361,25.6110324509908,21.4169868691639,217.67396893528,10.163613129384,23.8938001796893
497,14,3.74010978431397,72.8236993357798,32.0865180970683,7.3178057291919,52.3615369803956,7.15536035228662,10.0486597027302
498,37,2.2920790403609,78.6698561871905,10.931653828475,6.65772953313201,84.8069244933534,12.7381150092256,8.46287238315311
499,73,1.71433361795375,67.6037667158447,7.6294739378106,9.29604312331892,125.146354110623,13.4623250398545,13.7507768796264
500,66,1.74110753360567,99.2545236378502,15.3929836422526,17.0003032266426,114.913097217975,6.75947338620904,17.1279883309617
