ID,nBites,BiteSize_g,ActiveMeal_pcent,BiteOE_sec,TotalOE_min,TotalIntake_g,EatRate,MealDur_min,theta,r,int,linear,quad
1,91,1.298878819,83.18624046,10.11265099,15.27406465,118.1979726,7.738475337,18.36128735,16.75012246,0.211905539,0.827733923,18.30129534,-0.67910025
2,72,1.739095438,74.26560173,10.29685232,12.27899959,125.2148715,10.19748153,16.53389901,23.19098057,0.064848683,6.820082138,17.6829966,-0.667654419
3,109,0.207268432,97.27062685,3.519764511,6.374526175,22.59225907,3.544147196,6.553392716,11.86810038,1.133388324,1.790876034,11.39122228,-1.340917293
4,29,1.379321523,80.23219523,34.40172382,16.82009496,40.00032416,2.378127131,20.96427115,5.4441461,0.04209611,2.643404648,4.013041519,-0.110060563
5,32,2.837875576,60.28840249,21.59231851,11.5276092,90.81201844,7.877784269,19.12077403,20.27869036,-0.085112694,8.333483803,10.66101819,-0.353194871
6,57,1.003936305,73.50670786,14.06063373,13.32340023,57.22436937,4.295027424,18.12542096,14.61311612,0.07794488,4.523164291,9.57418477,-0.378342258
7,78,3.056560997,71.96310544,13.86037839,18.07277749,238.4117577,13.19176081,25.11394885,27.23867634,0.060009621,10.50575779,22.69455324,-0.576973371
8,89,2.359446655,71.41261308,8.914553045,13.20607952,209.9907523,15.90106678,18.49264289,25.27209702,0.14235137,5.400417493,25.69852608,-0.812820729
9,36,2.968445816,81.99868955,23.76532287,14.11379812,106.8640494,7.5716011,17.212224,20.73471691,0.055424229,7.538720671,14.95808392,-0.544385319
10,65,1.695520533,84.2299008,16.9115956,18.39781293,110.2088347,5.990322605,21.84237753,10.08206975,0.20236648,-0.901163619,13.26174481,-0.386418602
11,105,1.815423639,94.65170094,6.325330435,11.0993944,190.6194821,17.1738633,11.72656623,72.88445991,0.078187997,14.74069152,47.28881472,-3.032406664
12,20,2.998868281,83.96371946,37.16399305,12.50608763,59.97736561,4.79585362,14.89463271,12.17289271,0.125212699,3.453371026,9.792436486,-0.410503566
13,62,1.557172265,96.38391951,14.77376318,15.35327798,96.5446804,6.288212885,15.92929407,24.9250777,0.315124585,6.984480105,20.65135292,-0.975580445
14,40,1.552770878,90.88259406,18.65000724,12.31222832,62.11083511,5.044646144,13.54739975,13.56839068,0.047237593,3.868836144,9.780754847,-0.416681407
15,100,3.063621297,83.28588652,10.08747544,16.77122632,306.3621297,18.26712751,20.13693679,53.10360271,0.166763467,12.59223517,46.79494693,-1.721205399
16,43,2.985125685,78.85394227,28.02317748,19.87033012,128.3604044,6.459902964,25.19890515,13.27788962,0.172084316,1.551422879,14.54875589,-0.397602925
17,49,1.873657277,93.21986344,21.41528407,17.40645983,91.80920657,5.274433024,18.67247944,13.56383441,0.126124383,4.327485965,12.03844785,-0.408677951
18,61,2.585699496,84.06675223,24.68789122,25.10607027,157.7276693,6.282451517,29.86444653,20.35555205,0.083134175,10.16421174,15.58483579,-0.384457083
19,56,1.8786949,99.99735468,17.22528277,16.19888074,105.2069144,6.494702692,16.19930927,9.860854534,0.239482946,-1.546657187,14.11782219,-0.47282271
20,20,3.533069804,73.6781304,37.88915952,12.83871609,70.66139608,5.503774334,17.42540971,8.356117273,0.050853874,3.035543984,6.623610576,-0.162029866
21,16,3.143632573,57.4162128,17.9039582,4.878461863,50.29812116,10.31024175,8.496662572,6.190367252,0.46102162,-7.995943659,13.58662615,-0.81837068
22,115,1.435450415,97.13920876,12.21395305,23.4955627,165.0767977,7.025871215,24.18751707,17.66125372,0.226163877,1.459473522,21.2743346,-0.62147816
23,45,3.302410577,63.04937285,16.00007018,11.99475041,148.6084759,12.38945963,19.02437703,24.89612384,0.094099536,6.819065847,20.29736696,-0.702954276
24,39,0.979719592,83.18250903,30.07835115,19.51218631,38.20906409,1.958215419,23.45707834,2.976083938,0.165576315,-0.42591407,3.903758695,-0.098271586
25,36,4.015986596,97.28897216,30.86442214,18.5420417,144.5755175,7.797173568,19.05872916,26.3677731,0.148880481,9.360073024,21.16126265,-0.77402427
26,43,5.181341709,65.53755823,24.83614247,17.69134385,222.7976935,12.59359919,26.99420657,19.3801182,0.117709653,4.548657751,20.3595771,-0.455838571
27,49,1.617500746,69.80087425,23.17197543,19.03399697,79.25753653,4.163998589,27.26899509,10.96652108,0.156154439,4.366519261,9.532801063,-0.259079811
28,67,1.11166192,84.51219881,14.61223977,16.22329268,74.48134861,4.591013063,19.19639165,23.85981102,0.074966842,7.639889802,13.81563966,-0.549208039
29,47,3.363691793,77.3626968,18.24391369,14.40847881,158.0935142,10.97225574,18.62458188,14.46539693,0.216322987,-3.392404137,20.04614589,-0.616338658
30,44,3.389684147,71.86673035,23.20577657,16.90723737,149.1461025,8.821435413,23.52581965,23.41279897,0.066697114,9.870186623,16.90199678,-0.484980304
31,14,4.612876797,47.78662251,41.95729951,9.577400337,64.58027516,6.742985872,20.04201141,9.673808518,0.001905514,5.005855963,6.304165026,-0.169294343
32,15,2.660719542,94.242545,12.43106789,3.184799115,39.91079313,12.53165167,3.379364506,77.42271162,-1.285864551,6.043853427,27.77725601,-5.256527619
33,87,1.855758388,78.32352049,15.41273222,22.30800405,161.4509798,7.237356575,28.48187098,33.80723352,0.050438627,17.06746337,19.59693623,-0.556308582
34,57,2.052110678,88.28403408,10.54229267,9.990900927,116.9703087,11.70768377,11.31676982,22.76871028,0.219858097,1.518774873,23.69712468,-1.229476988
35,118,2.446398834,70.21465744,9.038574932,17.73792571,288.6750624,16.27445436,25.26242576,38.64827793,0.010337505,17.71478522,26.67961433,-0.672469954
36,65,2.643861369,61.35720699,8.358170913,9.013411453,171.850989,19.0661427,14.69006152,40.45695533,0.153717616,8.71439708,32.44676021,-1.533792468
37,32,3.86321685,63.63079398,23.31466279,12.44983542,123.6229392,9.929684614,19.56573954,2.801986917,0.285200281,-7.244323635,9.104430117,-0.120247097
38,56,3.312550398,91.19982162,22.88336313,21.22626015,185.5028223,8.739307864,23.27445358,19.30218841,0.223526816,6.95125467,21.97710201,-0.652767173
39,6,3.48422413,72.34672059,24.63596907,2.657025743,20.90534478,7.867949657,3.672627759,1.794779285,1.651124492,-9.015629602,13.96735469,-1.621839815
40,50,1.82822218,80.1996972,19.70777279,16.27539192,91.41110898,5.61652275,20.29358275,7.281594297,0.157433819,-2.637447003,9.803381477,-0.266556434
41,63,2.145215196,72.51696545,9.397675213,9.858220423,135.1485574,13.70922454,13.59436424,32.56561111,0.419290807,6.545914737,32.69779672,-1.846148395
42,16,3.226236477,90.71626981,23.08168872,6.231407185,51.61978364,8.283808473,6.869117522,19.47609121,-0.00284992,4.498605759,12.02942121,-0.780460626
43,78,3.231433368,81.44972311,15.74666655,20.57785648,252.0518027,12.24869087,25.26448918,31.71844577,0.161061634,10.36728522,30.25968344,-0.877558428
44,48,0.599651458,68.58810907,11.64906159,9.330520499,28.78327001,3.084851484,13.60369986,6.579617084,0.224471594,1.218966009,5.94105761,-0.295854223
45,74,2.107310004,89.49564291,16.50789535,20.25691206,155.9409403,7.698159514,22.6345232,12.24838076,0.11840781,0.52878555,14.02991978,-0.316481798
46,17,2.736330669,84.19060502,28.03853704,7.879476395,46.51762137,5.903643725,9.359092256,4.485606076,0.320388563,2.123444893,5.140698461,-0.02215303
47,90,2.578559167,75.76633093,14.05557759,20.97239928,232.0703251,11.06551149,27.68036807,18.30342095,0.193278894,-2.724263462,24.8937362,-0.643397429
48,28,5.397080555,96.45156217,30.33221862,14.02782647,151.1182555,10.77274914,14.543908,30.58542522,0.363084983,8.717475003,30.14097481,-1.464818757
49,63,2.977037671,90.3915035,22.76784487,23.92474742,187.5533733,7.839304215,26.46791622,18.43446634,0.063647001,5.89077338,16.16415971,-0.359583779
50,78,1.74862591,78.37850276,15.52938388,20.15164192,136.392821,6.768322974,25.71067476,11.22569692,0.168911566,-1.829569461,14.46728035,-0.370965705
51,70,4.243339898,78.0482531,12.70890363,14.8348043,297.0337929,20.02276449,19.00722145,109.3951863,-0.158200872,41.20331239,44.95796098,-1.822329586
52,66,1.511660402,79.99506585,19.89240331,21.7857066,99.7695865,4.579589193,27.23381294,11.01737948,0.022577777,5.797733092,8.065056158,-0.178660629
53,115,3.837475987,97.70748833,9.68672765,18.49530737,441.3097385,23.86063284,18.92926293,76.49537192,0.025363092,25.47887785,54.00683027,-1.789276201
54,69,1.437717576,71.44864877,10.75998821,12.35292386,99.20251273,8.030690857,17.2892337,16.83720884,0.21970913,3.32103728,16.65082545,-0.686018161
55,17,0.480551436,72.74396529,29.57899252,8.606847693,8.169374412,0.949171486,11.83169993,2.856980458,-0.276815699,1.881363441,0.360577677,0.015697111
56,89,1.228760451,79.40641367,9.65352234,14.27680022,109.3596801,7.659957304,17.97940438,13.4895495,0.404013173,-1.251941451,20.16705768,-0.82093863
57,48,0.622879994,89.80139959,16.58783798,13.29759333,29.89823971,2.248394801,14.8077796,6.166382294,0.059851835,1.655238119,4.619382292,-0.197930352
58,9,2.759038206,64.80082377,17.13621084,2.42793346,24.83134385,10.22735765,3.746763265,23.34428289,0.726658541,2.07397016,17.6756934,-3.126080086
59,90,1.48247813,72.44480459,6.682411946,10.07904402,133.4230317,13.23766732,13.91272166,45.41520581,0.446244226,11.01923503,36.32611239,-2.086069681
60,81,2.026724848,90.46458762,6.633847192,8.938666779,164.1647127,18.36568213,9.880846212,42.0816637,0.528836038,3.76993126,48.91755528,-3.487783229
61,85,2.171869749,65.29982435,12.09908875,17.15264257,184.6089287,10.76271064,26.26751717,13.67267361,0.115086459,-1.899862369,16.35509377,-0.359982413
62,78,0.37315205,75.45063602,6.636584499,8.678380936,29.10585993,3.353835254,11.50206465,7.132934276,0.212209543,0.515785888,6.736313037,-0.399643954
63,57,3.490763575,87.5748607,23.42260907,22.27042237,198.9735238,8.934429732,25.43015449,20.21548165,0.165560624,2.499218874,22.45137222,-0.618572978
64,56,0.249290713,69.81965323,19.45533916,18.19861885,13.96027994,0.767106562,26.06518081,1.740891769,-0.060570923,0.930749123,0.767722198,-0.007574924
65,32,2.797566793,86.34475055,38.69439873,20.4257125,89.52213738,4.382815892,23.65599805,9.804838751,0.138267301,2.162873867,9.9516374,-0.275768842
66,51,2.505270524,50.102236,10.93268107,9.223129052,127.7687967,13.85308565,18.40861764,31.25453716,0.028518859,11.95632055,18.85697045,-0.716615893
67,34,1.751448916,55.90168052,17.22367099,9.782630213,59.54926315,6.087244621,17.49970685,8.373431866,0.061034647,2.133419336,7.027274321,-0.225632072
68,60,4.652173556,76.2543583,18.11991191,18.20567771,279.1304134,15.33205288,23.874934,31.94069858,0.036438678,12.38752265,25.25564381,-0.62465189
69,15,0.566444678,53.50063816,13.50371915,3.387853817,8.496670163,2.507980161,6.332361507,4.221728147,-0.056626682,-0.549008829,3.765142998,-0.389998883
70,53,1.259721296,69.14430665,18.34681294,16.29965177,66.76522869,4.096113808,23.57338234,4.208380242,0.223707476,-3.449908949,7.312293042,-0.187824142
71,25,3.157452972,74.55116502,35.74518263,15.17837244,78.9363243,5.200578957,20.35967169,10.16003038,0.060675464,2.313214214,8.629427049,-0.250387866
72,50,1.682571582,78.03137676,17.9544051,15.03491052,84.1285791,5.595549038,19.26777554,20.96888233,0.127822368,7.683097408,13.98224878,-0.54904483
73,88,2.864926446,77.71575147,12.04350644,17.64760258,252.1135272,14.28599302,22.70788385,37.55315588,0.1714248,8.469996279,35.06370578,-1.187039694
74,27,0.520888551,56.96771458,24.94697528,11.36386148,14.06399087,1.237606679,19.94789779,4.735571374,-0.076426419,1.521052375,2.256203425,-0.082892005
75,58,0.87885782,78.84809268,3.60323211,3.45606218,50.97375358,14.74908463,4.383190592,22.59966043,0.732223327,-0.566115644,27.41937489,-3.680769681
76,82,0.842243282,81.3599893,9.369210607,12.87873448,69.06394916,5.362634756,15.82932175,16.46486409,0.204879767,3.973417158,13.53397803,-0.633240218
77,39,0.926120003,74.50656894,24.29004232,15.73971454,36.11868012,2.294748105,21.12527093,3.640212439,0.247374611,-1.375641684,5.119853314,-0.164671101
78,75,2.691207834,98.5243516,13.97118357,17.49182424,201.8405875,11.53913879,17.75380802,14.8234379,0.29470711,-21.57851811,30.17954559,-1.018886694
79,86,0.929660859,78.38075434,13.83315851,19.89229735,79.95083384,4.019185539,25.37905831,11.84207004,0.116157372,4.155362744,9.801212446,-0.297091246
80,34,1.831245905,96.38391557,21.24626237,11.97168968,62.26236076,5.200799756,12.42083765,5.427019641,0.448270322,-2.69116539,11.20254907,-0.461247279
81,29,2.160253892,54.40339015,29.03510485,14.12145954,62.64736287,4.436323503,25.95694772,7.150182451,-0.035110041,6.163364575,3.847080092,-0.070002959
82,69,1.804701713,88.96566962,14.87933387,17.02725457,124.5244182,7.313241113,19.13912933,20.16896243,0.094059953,5.047063225,16.84015014,-0.593685846
83,77,1.824203151,84.53672036,12.40800436,15.88811503,140.4636426,8.840799698,18.79433572,21.56045918,0.097404813,5.846467697,18.48447765,-0.639083344
84,83,0.361288315,66.63948278,14.12749945,19.43078692,29.98693015,1.543268951,29.15806983,4.259832247,0.108057869,1.834652026,3.193706866,-0.081580217
85,131,0.895545205,82.77472863,8.091770179,17.6508597,117.3164219,6.64649903,21.32397169,15.70228538,0.072067163,4.253927537,13.30245435,-0.401150405
86,60,1.386904137,66.22281989,11.19641486,11.12369312,83.2142482,7.480811212,16.79737157,16.52592364,0.031418414,6.307861207,11.17845952,-0.407359737
87,69,2.254300309,90.40406982,16.70534673,19.13041762,155.5467213,8.130858639,21.16101372,11.01548647,0.281550047,-8.7597742,20.32244698,-0.610603457
88,65,1.42293113,94.49869265,24.78125337,27.02264105,92.49052345,3.422704808,28.59578296,8.371152061,0.020214708,5.679087343,6.13625835,-0.11171099
89,8,3.184735033,71.15111931,35.93295937,4.5702426,25.47788027,5.574732568,6.423289814,7.504123713,0.801208776,-2.753446056,12.84049931,-1.356837808
90,32,1.357102059,64.33023992,19.45433691,10.2227786,43.4272659,4.248088273,15.89109354,5.717308468,0.22847981,0.551385959,6.585265016,-0.250951134
91,71,1.614647998,79.59634617,14.85041091,17.62654148,114.6400079,6.503828784,22.14491284,20.79706163,-0.020317615,9.855811068,12.0848371,-0.33913618
92,103,2.476721082,88.48212743,8.072359145,13.87252348,255.1022715,18.38903152,15.67833401,72.62307456,0.206449269,16.27951904,54.94542269,-2.676325141
93,80,0.506621788,75.71085973,7.942158636,10.62852728,40.529743,3.81329811,14.03831276,8.141819472,0.128149855,2.080085025,6.87344923,-0.311095397
94,107,2.593131299,87.91339334,10.27010583,18.27481183,277.465049,15.18292235,20.78728978,33.53534852,0.109449179,7.534805349,31.69018176,-0.926018682
95,94,3.492571025,72.79333079,13.67404186,21.40672643,328.3016764,15.33637931,29.40753802,48.32284324,0.058055245,23.87939559,33.78184994,-0.883317715
96,44,1.06954896,74.5338617,28.73989296,21.27956542,47.06015422,2.211518576,28.55019845,4.085778614,0.153302737,0.516241132,4.609103901,-0.108522435
97,81,1.980067827,61.39730367,5.650733056,7.595912035,160.385494,21.11471187,12.37173553,27.22221227,0.590173363,-4.840018607,42.8917233,-2.499661588
98,42,0.299456906,64.33958369,7.083814042,5.008497513,12.57719006,2.511170272,7.784472988,7.513597579,-0.199184088,1.243274209,3.663602463,-0.298989219
99,62,0.848766626,81.04158278,22.94713064,23.53997275,52.62353079,2.235496674,29.04678307,7.168856332,0.068758763,3.851554,5.267072205,-0.132373495
100,34,3.226678894,73.95662545,29.19849934,16.75913991,109.7070824,6.54610457,22.66076881,19.89889902,-0.011458219,9.315154217,11.95866816,-0.353431947
101,48,2.264093302,93.03384216,30.57684789,24.40959139,108.6764785,4.452203921,26.23732485,24.24334054,-0.156964403,15.22296064,8.720456191,-0.207313199
102,47,3.584798822,77.94784688,18.86039781,14.83935306,168.4855446,11.35396833,19.03754068,21.39328654,0.135059245,3.216808958,21.67111259,-0.726404482
103,92,0.825947581,74.24809173,3.739326848,5.718753928,75.98717742,13.28736616,7.702223444,19.38478552,0.904949496,-2.413040339,31.23707517,-2.9419699
104,83,0.442850013,78.91278401,10.17427442,14.03386539,36.75655105,2.619132366,17.78402012,7.313947135,0.238085747,0.887460348,6.984600478,-0.292698657
105,67,0.836535178,93.30841999,23.85324535,26.62412284,56.04785695,2.105153183,28.5334623,7.760705122,0.019851818,4.201377512,5.103068794,-0.120394421
106,86,1.792879844,80.35882244,14.45391688,20.59985803,154.1876666,7.484889767,25.63484308,14.89386159,0.083725443,4.665735589,13.90000006,-0.321629995
107,54,4.249747954,66.0793788,19.869153,17.76799851,229.4863895,12.91571414,26.88887038,17.53452905,0.105025845,3.589389883,19.12593783,-0.407709891
108,61,2.818639675,95.51485856,14.78875229,15.02631559,171.9370202,11.44239379,15.73191419,26.0796083,0.278870042,0.281882695,31.10305248,-1.359339861
109,26,1.836300483,86.25945429,32.13463857,14.07320813,47.74381257,3.392532259,16.31497468,4.43568389,0.189591927,-0.123658069,5.689892448,-0.167303936
110,51,0.873781372,68.80627667,23.08713542,19.70562431,44.56284998,2.26142797,28.63928302,3.807967314,0.134722002,1.246186169,4.098512444,-0.091247762
111,18,3.728192452,96.10664811,24.07276567,7.047833077,67.10746413,9.521715881,7.333346044,17.22747054,0.204061662,2.247280518,15.36825086,-0.882960896
112,13,1.015591116,59.48588215,20.38539979,4.39417493,13.2026845,3.004587827,7.386920679,8.815630093,-0.314908985,1.741520829,4.207460073,-0.3884169
113,81,1.441359613,80.26032101,7.7463336,10.49870564,116.7501286,11.12043071,13.08081691,38.4176073,0.048165412,8.680571584,24.88203526,-1.370462088
114,74,1.226942854,71.41375842,14.92152139,18.29440472,90.79377122,4.962925692,25.61747922,14.11966705,-0.046562242,8.094871588,7.706147785,-0.185459523
115,69,2.899264081,79.70050139,18.45670364,21.36829028,200.0492216,9.361966679,26.81073507,19.43367689,0.064867718,4.252928411,17.73117061,-0.412485809
116,64,1.300838954,72.01043536,5.710820172,6.084473389,83.25369308,13.68297431,8.449432861,34.1082678,0.100047514,4.955512008,24.33704228,-1.877416881
117,63,1.934675833,90.50859374,18.59355693,19.59080521,121.8845775,6.221519543,21.64524317,15.40772589,0.120885333,3.776394677,14.3761466,-0.432112657
118,7,4.125827627,58.37879922,48.76541927,5.325458504,28.88079339,5.423156216,9.122247416,35.44738266,-1.065210691,5.253690177,9.605085984,-0.771296981
119,34,1.832284337,73.31778131,13.63035946,7.628891525,62.29766746,8.166018255,10.40524057,10.99284357,0.190936404,0.336707941,11.59652171,-0.565150796
120,48,1.873841658,56.4351528,4.851497048,3.902264129,89.94439959,23.0492854,6.914598322,26.19651991,0.599286136,0.614293467,32.69242776,-2.919470538
121,60,2.766572491,76.52147337,20.08068558,20.00779588,165.9943494,8.296483552,26.14664224,15.49326873,0.077697434,1.227309253,15.01315219,-0.349422339
122,32,1.69690718,59.07201716,13.70646905,7.282678944,54.30102975,7.456188878,12.32847513,9.87751316,0.150967892,2.532843678,8.98511248,-0.396111841
123,66,0.645419965,60.92646877,7.238909712,7.915548022,42.59771769,5.381524763,12.99196914,8.692625528,0.018573323,3.392161516,5.801203934,-0.221271915
124,59,2.939136991,83.98718989,18.00949363,17.59629403,173.4090825,9.854863879,20.95116417,31.33870141,0.163362187,11.78390036,25.0587785,-0.883179721
125,25,1.326967743,45.7456298,26.01583461,10.74603987,33.17419357,3.087108738,23.49085566,1.485180572,0.144828689,-1.16372869,2.35404098,-0.03692286
126,42,3.331354278,74.31137106,18.95654972,13.116598,139.9168797,10.6671623,17.6508626,33.00215738,-0.018232888,12.66144606,19.00928089,-0.686659386
127,76,0.117062175,75.52007738,11.19977027,14.12222482,8.896725265,0.62998043,18.69996073,0.700694034,0.135712941,-0.827992313,1.405815761,-0.04961291
128,88,1.25380658,75.53671488,14.44600512,21.12290141,110.334979,5.223476496,27.96375437,8.323740045,0.088250223,0.858496995,8.876820172,-0.184954361
129,55,1.953066369,93.86873313,26.45119925,24.46074895,107.4186503,4.391470209,26.05846285,10.82944329,0.083089992,3.035412103,9.900805971,-0.234407243
130,83,1.840789132,73.24485041,6.1936811,8.55735183,152.785498,17.85429663,11.68321293,22.03689599,0.349896631,-5.951610753,32.29410417,-1.66931436
131,40,0.752133832,69.58468707,10.08158735,6.73170929,30.08535328,4.469199721,9.674124543,2.672902766,0.488213262,-2.622269941,6.168292551,-0.282727642
132,125,0.146388273,49.99244561,2.944149035,6.117710477,18.29853408,2.991075526,12.23726986,4.921633647,0.3412536,0.796362295,4.401430088,-0.279438176
133,42,3.735473671,83.34988811,19.34020227,13.65146443,156.8898942,11.49253218,16.3785036,15.85399567,0.215467202,-2.671270895,21.35448091,-0.732007215
134,71,0.810540153,72.79790359,16.86994776,19.9101721,57.54835084,2.890399467,27.34992509,11.95601221,0.026371958,6.3934013,6.589662704,-0.18471994
135,92,0.24963402,68.52822216,5.40473789,8.324134948,22.96632987,2.759004991,12.14701722,5.820102605,0.108013917,0.214783397,4.851344413,-0.265471096
136,106,1.934369903,93.64862847,4.835048282,8.576656468,205.0432098,23.90712634,9.158336441,91.85765387,0.111156216,15.44762131,62.18689846,-4.807846138
137,87,0.112354176,47.78421617,4.979717569,7.197443256,9.774813299,1.358095222,15.06238635,3.192216639,0.095594238,0.337914835,2.162259465,-0.12221178
138,62,1.1644842,60.5268486,17.15308468,17.65407186,72.1980204,4.089595927,29.16734023,7.066632627,0.029799688,3.226615123,5.549352686,-0.115525228
139,39,2.831442124,67.55935847,20.48140742,13.28225241,110.4262428,8.313819027,19.66012217,3.406301714,0.292941653,-13.34354533,10.92038941,-0.220680043
140,59,1.898088898,73.69575425,17.64218998,17.43546856,111.987245,6.422955861,23.65871513,18.50415836,0.080201975,7.312427067,13.52600254,-0.411036042
141,27,1.696723039,74.40785001,21.34858148,9.624991442,45.81152204,4.759642886,12.93545162,35.86186541,-0.60013147,9.47504061,8.905461043,-0.505327057
142,25,2.15918561,94.64268235,28.08481859,11.60899938,53.97964025,4.649809902,12.2661352,8.79401618,0.33311466,-0.624997284,11.41342706,-0.560223077
143,18,3.340657353,93.85250131,27.276212,8.129523238,60.13183235,7.396723103,8.662020856,22.36880286,0.003243164,4.670433682,14.23863577,-0.940829199
144,53,1.512662997,79.08732728,11.83442081,10.38397004,80.17113883,7.720663534,13.12975213,14.45211149,0.182475724,1.264076405,14.32957775,-0.645937313
145,32,3.689065111,79.94981656,23.82239644,12.6603833,118.0500835,9.324368839,15.83541257,9.083123461,0.470986386,-9.624725599,21.42172908,-0.870335274
146,6,4.396191545,85.10407341,46.46347246,5.000810339,26.37714927,5.274575015,5.876111612,1.017805546,0.966551984,-9.929469873,8.19724562,-0.351121498
147,52,1.230043922,58.73057754,14.59183524,12.59327189,63.96228393,5.079083853,21.44244518,3.679936036,0.308702497,-3.384169147,7.77174197,-0.217421924
148,59,1.475496627,84.6806073,18.08576943,17.84253423,87.05430101,4.879032311,21.07039002,7.531640954,0.308399195,-2.057908642,12.11996894,-0.377591985
149,23,3.613127916,67.84200868,27.8591158,10.88152177,83.10194207,7.63697797,16.03950412,35.09871629,-0.344831664,13.97987484,10.06125766,-0.36606467
150,18,3.004556373,62.16910159,32.15040569,9.684091431,54.08201472,5.584624546,15.57701685,10.68026168,-0.0872965,6.702795108,4.845978397,-0.128967338
151,84,0.659966164,70.13853796,14.54390445,20.44705017,55.4371578,2.71125455,29.1523758,4.456989276,0.22644636,-1.165717456,6.186816387,-0.153883205
152,49,2.634028202,76.86704428,19.69329162,16.13892915,129.0673819,7.997270497,20.99590182,13.34148491,0.026149383,3.955575469,10.64854753,-0.243922062
153,47,1.01126587,79.248106,11.34425915,8.802104511,47.52949587,5.399787722,11.10702193,14.93989196,0.188089333,2.920835596,11.46686921,-0.725866664
154,59,3.47632319,68.89801067,16.55423367,16.34202422,205.1030682,12.55065257,23.71915249,33.61240434,0.02482475,18.03394612,22.08044853,-0.630064048
155,68,1.834058953,72.03901435,10.42962784,11.75964591,124.7160088,10.60542212,16.32399612,21.36538455,0.302586741,2.595207144,23.43269075,-1.025393202
156,130,0.808556204,83.56299054,10.62556345,23.04431268,105.1123065,4.561312285,27.57717565,9.83897005,0.121242155,0.822441918,10.51258723,-0.261851462
157,17,2.241277054,87.69230078,27.56980067,7.965130959,38.10170992,4.783563524,9.083044793,12.345392,0.271848365,1.734290599,10.8725092,-0.784728456
158,75,0.491025308,58.72286635,7.122628844,8.916884635,36.82689812,4.130018457,15.18468901,11.70790064,0.005003309,3.357047563,6.999840565,-0.344415576
159,16,1.453208719,29.672438,11.68421591,3.065387928,23.2513395,7.585121376,10.33075856,2.36630459,0.200292076,1.370043323,2.048344206,0.000690321
160,59,3.372535925,79.79339316,11.81737355,11.63635477,198.9796196,17.09982409,14.58310558,8.919795313,0.326975117,-21.95702495,23.76904787,-0.561229195
161,74,2.236720128,80.92305787,17.37878341,21.49836977,165.5172895,7.69906236,26.56643277,19.12839663,0.129979841,5.500192674,18.12926483,-0.482691029
162,38,3.531316259,58.6975052,22.859199,14.44875734,134.1900178,9.287305106,24.61562428,11.46350112,0.087415961,3.603817439,11.39376139,-0.256535542
163,93,0.353413857,73.49521729,12.22439355,18.89605573,32.86748866,1.739383559,25.71059237,3.42386604,0.182816146,0.986077165,3.753160987,-0.1043907
164,58,2.827439189,62.99633213,17.10282409,16.62984059,163.991473,9.861277507,26.39810927,16.09028126,0.013838094,10.57446955,11.25081569,-0.210770845
165,42,2.549310946,86.70636401,22.36436383,15.72056583,107.0710598,6.810890965,18.13080966,24.57504407,-0.095090723,10.74394563,12.80025067,-0.444906475
166,67,2.132581739,91.20572687,9.693886944,10.79327431,142.8829765,13.23814928,11.83398749,34.92974937,0.10272672,6.976738917,27.73846788,-1.439958977
167,52,2.321285249,81.46500353,26.8863703,23.3994103,120.7068329,5.158541664,28.72326678,11.19489265,0.094131536,3.681043306,10.6917169,-0.237963266
168,62,1.021610357,83.38899316,13.00126271,13.53366784,63.33984215,4.680168224,16.22956139,15.4696829,0.036601726,4.596581421,10.17646163,-0.417481554
169,87,1.203202602,89.36449974,14.52451985,21.16753744,104.6786264,4.945243475,23.68674082,10.33678934,0.078096272,1.858841211,9.829443208,-0.242697512
170,130,2.38352886,80.14849094,8.493781533,18.41981508,309.8587518,16.82203379,22.98211091,51.04752482,0.168736417,15.89420042,43.76972187,-1.501736245
171,27,3.748391147,96.32219105,23.00676733,10.19276787,101.206561,9.929252021,10.58195184,10.23078418,0.423495908,-10.23298571,21.1929331,-1.020148905
172,112,1.859725871,78.33363848,6.57654791,12.30177541,208.2892975,16.93164527,15.70433296,35.10001114,0.172128124,3.701168302,34.59673893,-1.459317743
173,21,1.565348751,71.75808609,18.39127859,6.432215317,32.87232377,5.110575774,8.963749826,12.48815456,-0.108759803,2.714932686,7.150031082,-0.450575642
174,57,2.443564884,94.96831919,25.23562437,23.86833362,139.2831984,5.835480625,25.13294309,15.09068587,0.033627229,6.414580556,11.8232652,-0.275223106
175,47,3.494308073,81.37020625,23.96271335,18.65896842,164.2324794,8.801798454,22.93095874,20.66418764,0.071985592,5.469065482,17.708512,-0.494649818
176,29,1.927889648,74.65968335,22.59760329,10.9491208,55.9087998,5.106236456,14.66537267,8.749318283,0.180655568,3.234066091,8.288350085,-0.321711729
177,40,5.868796925,63.34236666,16.86990934,11.23494209,234.751877,20.89480079,17.73685242,35.29506992,0.074570163,3.373672198,31.38160788,-1.109997825
178,92,4.726382614,77.20513858,12.44509136,19.14204532,434.8272005,22.71581711,24.79374517,51.16955184,0.039354427,18.8853934,40.43860819,-1.021906929
179,96,0.284614201,94.16547298,9.52915708,15.26458659,27.32296333,1.789957637,16.21038593,3.187497599,0.286127705,0.828592414,3.866019699,-0.147092661
180,86,1.567304489,77.28721993,5.560866831,8.003666131,134.788186,16.84080568,10.35574334,50.64162559,0.107679028,9.012190986,35.4568536,-2.433561738
181,19,4.824608861,89.66819994,29.96566271,9.244869965,91.66756835,9.915506513,10.3100876,19.65844857,0.228023166,3.541912782,19.15525181,-1.068857039
182,52,0.759099908,62.30775515,16.09840705,13.83490799,39.47319519,2.853159214,22.20415092,5.59035245,0.128335013,2.044717529,4.812942731,-0.146588779
183,87,0.535541317,78.86827118,2.644879049,3.843739819,46.59209454,12.12155264,4.873619976,22.97313574,0.346640853,1.449190513,20.80640316,-2.454449611
184,68,1.127923311,76.81853123,8.459564933,9.64951438,76.69878517,7.948460632,12.56144087,13.33695509,0.523732799,-0.15212049,19.00831959,-1.031289973
185,78,2.680810965,88.59430564,15.92394756,20.71271125,209.1032552,10.09540725,23.37928053,44.50054514,0.032380492,18.85242321,27.06633569,-0.873705161
186,80,3.241095714,86.86347718,16.86251198,22.36006279,259.2876571,11.5960165,25.74161606,16.68595987,0.152043326,-4.703248423,23.36838949,-0.527618968
187,71,2.360226982,71.78106154,17.34501888,20.39919321,167.5761157,8.214840362,28.41862849,16.76114037,0.157756919,3.699225222,17.90747237,-0.44157086
188,48,2.612017155,81.77625982,21.53253727,17.16508073,125.3768234,7.304179073,20.99029812,17.48674448,0.167111494,5.761499601,16.43947981,-0.547104742
189,48,1.526993836,71.50594235,17.75581039,14.15367106,73.29570412,5.178564897,19.79369909,10.42182404,0.056139515,2.218247786,8.624460286,-0.26877919
190,19,2.806704415,68.49543027,22.87651183,7.10100433,53.32738388,7.509836835,10.36712128,7.70398979,0.673418832,-0.300615123,13.95785443,-0.864700323
191,75,0.275091301,76.73948584,10.44835453,13.02090292,20.63184759,1.584517427,16.96767026,2.473764384,0.152783853,-1.350870424,3.266097672,-0.116921629
192,80,2.912896631,91.13978695,19.93768295,26.69750276,233.0317305,8.728596548,29.29291768,23.94437087,0.044219923,13.1016709,18.7118784,-0.397226071
193,128,0.683005606,74.56414855,1.908528934,4.075023687,87.42471754,21.45379371,5.465124683,40.12521626,0.622054765,0.271725839,43.64020326,-5.459773512
194,64,1.62085004,59.1953006,9.651848764,10.22245236,103.7344026,10.14770223,17.26902686,21.38782774,0.128613742,5.387511392,16.8812992,-0.692279614
195,66,2.999936727,73.87402195,16.60320255,18.13422281,197.995824,10.91835179,24.5474963,21.07000193,0.037526706,8.70163971,16.90968915,-0.396324938
196,64,3.239766695,79.05493799,15.7495904,16.86800686,207.3450685,12.29220916,21.33706925,25.46440621,0.426045577,2.59210117,34.30229597,-1.227508576
197,85,3.0130667,66.94495359,13.65515676,19.4015511,256.1106695,13.20052547,28.98134969,24.46887868,0.149340163,7.072226866,25.44676063,-0.61154389
198,44,2.248129733,64.77827166,18.00788784,13.24340933,98.91770825,7.469202665,20.4442153,11.98222743,0.137316736,2.059526213,12.0608403,-0.371235072
199,58,2.518291252,60.15495636,16.13203024,15.68326058,146.0608926,9.313171315,26.07143539,11.73182443,0.077334939,1.853596043,11.81924031,-0.25105752
200,47,2.848524437,59.99984432,17.60846404,13.74773554,133.8806486,9.738378237,22.91295201,20.64976392,-0.015413723,8.895109887,13.25075269,-0.367039291
201,39,1.111668703,75.49846476,16.23541891,10.47196183,43.35507941,4.140110529,13.87043016,8.760713165,0.051844024,2.255282083,6.724663611,-0.291100279
202,101,0.640503238,71.7622638,6.166318557,10.38853875,64.69082704,6.227134403,14.4763253,12.59308381,0.30548064,1.480262715,13.35971437,-0.641722733
203,71,2.483675637,89.2213058,14.73954478,17.47727837,176.3409702,10.08972716,19.58868256,24.48644482,0.076101351,8.045270255,20.33830911,-0.620908694
204,13,2.185619113,82.34826933,23.68728104,5.082137669,28.41304846,5.590767176,6.171517277,6.164932336,0.313197413,1.732934569,5.52131396,-0.197425902
205,40,0.140043819,88.48637113,15.2177452,10.19089528,5.601752764,0.549682104,11.5169095,3.611217258,-0.775602474,0.653339725,0.762155928,-0.042386246
206,35,2.162074175,88.33785422,25.41233141,14.97877614,75.67259613,5.051987921,16.95623724,9.437991548,0.161570436,-0.524969428,10.58022837,-0.374130624
207,68,0.949232113,77.45520894,18.88457646,21.51248574,64.54778366,3.000480021,27.77409813,6.128321191,0.041560717,3.188829444,4.93039158,-0.101014604
208,76,3.379562055,92.70747172,16.87801754,21.48473048,256.8467162,11.95484935,23.17475612,37.81849498,0.239351229,14.09503503,35.45531869,-1.183233733
209,72,1.834663561,90.47596351,16.56834171,19.88525286,132.0957764,6.642901516,21.97849251,18.85617488,0.217683609,5.871837283,18.44280862,-0.623805723
210,19,2.193537037,79.02344173,34.68278834,10.98017676,41.6772037,3.795676938,13.8948349,18.3815256,-0.110325764,6.256646729,7.765335786,-0.385819302
211,90,0.165518786,92.45599381,2.039489471,3.062408275,14.89669071,4.864371231,3.312287445,10.34760219,-0.011614347,1.812279487,5.708481527,-0.339535019
212,43,2.470078488,65.9909488,23.3897424,16.91579388,106.213375,6.278947102,25.63350609,5.896492846,0.52426404,-10.41811431,17.60937197,-0.527701074
213,53,1.155645708,66.85474906,14.50392419,12.72714391,61.2492225,4.812487621,19.03700797,8.796024462,-0.013552323,4.969194581,5.338331666,-0.127765893
214,37,1.341087174,92.1779021,20.14282629,12.54655472,49.62022542,3.954888535,13.61123917,11.49280454,0.067505682,3.060796829,8.375122888,-0.376478217
215,27,3.216085688,61.37341229,28.99835539,13.06283277,86.83431359,6.647433609,21.28418852,13.87565906,0.053081401,5.380828275,9.98735179,-0.295574656
216,25,3.601177496,96.03763117,20.27972875,8.583430748,90.02943739,10.48874745,8.937570246,38.89232246,0.288673188,6.257204422,28.83157903,-2.237756082
217,107,0.941796362,63.19996826,4.927558015,8.816310505,100.7722107,11.43020209,13.9498654,33.41654662,0.414192421,9.441245996,25.16696623,-1.466437933
218,36,0.798345276,67.82067777,26.89873279,16.2225454,28.74042994,1.771635045,23.91976302,4.404359225,0.237855711,1.342254937,4.299746604,-0.134584806
219,10,3.448899869,69.52858181,30.65442871,5.026374181,34.48899869,6.861605891,7.229220056,10.38806751,0.103692247,3.666078477,6.791953399,-0.353858202
220,20,4.734899735,76.27662423,38.35615929,12.91249083,94.69799469,7.333828612,16.92850327,3.727740146,0.454801452,-19.27297188,15.51566108,-0.521326221
221,35,2.724766719,80.27004911,9.373069342,5.398368059,95.36683517,17.66586386,6.725258199,41.17180085,0.152387097,5.158139664,31.70580087,-2.836322071
222,52,2.265814618,70.94977019,14.60510435,12.54338591,117.8223601,9.393186258,17.67924811,24.15769511,0.124691197,6.621448771,18.88252108,-0.750970856
223,15,5.272555126,80.88485634,32.74819582,8.288306639,79.0883269,9.542157444,10.24704378,38.62684694,-0.240765683,9.981505161,16.7071528,-0.991309449
224,4,3.028917715,80.18544956,29.73138127,2.184464135,12.11567086,5.546289667,2.724264997,3.531619644,0.711323384,3.529746685,-3.628936698,2.367135525
225,59,3.723170119,82.18399554,21.25672373,20.87174118,219.667037,10.52461484,25.39635734,18.27746099,0.106691951,6.325314262,18.87342984,-0.412522346
226,14,2.52252155,76.02906026,23.82329231,5.397142665,35.3153017,6.543332999,7.09878913,1.176660482,0.882378809,1.92234613,3.936728393,0.177760018
227,40,1.412241668,44.82259144,16.60290421,11.02924671,56.4896667,5.121806428,24.6064459,5.985537405,0.111461005,0.286620557,5.985521455,-0.159639957
228,23,4.495238756,76.21472805,28.00492665,10.50555437,103.3904914,9.841507429,13.78415254,10.56334166,0.420477921,-0.058154999,17.98525963,-0.776505892
229,56,0.657205359,81.7836555,15.96825123,14.96962336,36.8035001,2.458545497,18.30393037,2.565999623,0.339546582,-1.073118384,5.031571645,-0.161505661
230,40,2.408738195,68.86806282,14.19517065,9.474872318,96.34952781,10.16895263,13.75800615,10.90946557,0.242620188,0.202912015,14.04176228,-0.507282177
231,9,3.453700044,97.70959678,21.64943374,3.298436779,31.0833004,9.423645952,3.375755184,3.221176896,1.848899593,-4.125878247,15.83721132,-1.518809351
232,37,2.170405311,59.21925327,11.14549798,6.908719914,80.30499652,11.62371576,11.66634082,31.06239663,-0.064841553,8.407212833,16.60493165,-0.937897678
233,20,1.283014545,72.45587252,7.32785248,2.49809434,25.66029089,10.27194629,3.447745853,15.00810501,0.697870962,-0.596496833,17.26764587,-2.969124593
234,57,1.400210268,76.78619534,3.839625468,3.664933538,79.81198529,21.77719854,4.772906799,45.76700703,0.935583367,1.055311178,49.76373613,-7.335298803
235,47,1.75387114,76.01786974,5.589383729,4.419571081,82.43194357,18.65157095,5.813858105,39.1772068,0.189668223,3.446335849,31.71151508,-3.26255835
236,51,3.947539871,59.08090158,14.12984717,11.95265517,201.3245334,16.84349883,20.23099657,24.04523941,0.13644908,6.637174729,23.81908098,-0.723777041
237,70,2.742949046,69.61369719,8.715357683,10.20158423,192.0064332,18.82123687,14.65456461,51.28511957,0.314265763,13.05313429,42.37352339,-2.234560114
238,34,3.657977151,75.19858246,32.40774707,18.41664354,124.3712231,6.753197068,24.49067913,10.19257384,0.084603172,4.434832758,9.781310694,-0.198153913
239,30,0.122048123,72.9017174,33.74561081,17.13589344,3.661443687,0.213671012,23.50547292,3.245440629,-0.999470211,-0.794308195,0.626084017,-0.018405938
240,51,3.454248246,86.03053662,21.09551576,17.86185106,176.1666605,9.862732588,20.76222207,34.10442921,-0.01805812,14.83766893,20.34276982,-0.641438531
241,19,3.899103669,90.37550599,35.38819074,11.39972627,74.08296972,6.498662159,12.61373438,3.357982562,0.291099859,1.006708448,5.029741516,0.066991948
242,62,0.769504708,85.55065303,3.422273625,3.529108633,47.70929188,13.51879379,4.125168549,26.36861316,0.656191006,1.248519449,26.89813122,-3.941918449
243,83,0.50127922,65.98301762,7.787160069,10.7306592,41.60617522,3.877317735,16.26275909,6.37022408,0.245986137,0.314445154,7.116938537,-0.290317251
244,105,1.105579557,81.25595204,7.065570345,12.39201628,116.0858535,9.367793816,15.25059515,19.0108405,0.213085065,0.918343861,20.26488241,-0.868534721
245,76,1.154722136,55.01160637,3.556602235,4.51372594,87.75888233,19.44266965,8.205042969,28.59576349,0.234852548,2.345267121,25.88241853,-1.995057727
246,41,4.625863757,96.60229935,25.18732901,17.39758658,189.6604141,10.90153587,18.00949531,23.23328512,0.364913879,1.794283625,31.8874453,-1.245510883
247,29,1.713406179,82.62028721,23.6024563,11.46084708,49.68877918,4.335524138,13.87171053,5.207128262,0.270089985,-0.155306497,7.246727587,-0.256095745
248,27,3.193966124,56.25702697,25.84283552,11.82971323,86.23708534,7.289871161,21.0279744,10.20367573,0.069978439,2.62420625,8.874827375,-0.2405062
249,40,0.790004299,78.59740296,25.95480283,17.38782237,31.60017198,1.817373752,22.12264237,6.033754537,0.029252719,2.889810726,3.761768773,-0.11500065
250,21,2.853422716,60.74144779,28.94189923,10.0338161,59.92187703,5.971992754,16.51889519,13.3650507,0.015987274,4.444592363,8.667688783,-0.336745358
251,42,2.637694045,85.52048978,12.15126987,8.581512579,110.7831499,12.9095132,10.0344521,46.39893005,-0.069532299,10.05944674,26.27886928,-1.722324583
252,35,3.60977596,84.30796414,36.12919891,21.25366101,126.3421586,5.944489213,25.20955312,11.99169206,0.21877116,3.796340441,14.68223594,-0.400103633
253,70,1.578552335,99.81803422,22.9674934,26.84341838,110.4986635,4.1164155,26.89235326,9.469333887,0.239216594,-1.716159644,13.08257595,-0.352446652
254,104,1.126439777,73.50834471,10.96854409,18.95298398,117.1497368,6.181070851,25.78344548,13.77649338,0.105780472,4.048796483,12.48635311,-0.327800709
255,30,2.157042655,93.19667616,27.04574015,13.66435467,64.71127964,4.735772834,14.66184765,11.64464029,0.333865808,1.199391716,12.93628448,-0.597513383
256,61,4.024375163,98.59520572,25.80824162,26.08696228,245.4868849,9.410328514,26.4586519,23.54179503,0.119326229,-0.719290811,25.25131344,-0.640448265
257,60,0.718062648,59.1511722,3.4369395,3.460417496,43.08375888,12.45045112,5.850124972,17.82413447,0.540071836,0.22133209,19.11461039,-2.139638442
258,31,2.447401686,66.6050705,9.279472106,4.822343785,75.86945228,15.73289995,7.24020521,23.58740195,0.644021739,-0.495703029,29.64787368,-2.657329887
259,5,3.255120664,78.87782816,25.89279166,2.211973476,16.27560332,7.357955913,2.804303222,6.785242559,0.990685536,0.962074703,7.395955797,-0.692196248
260,34,2.312502879,66.61547067,20.39082141,11.65914776,78.6250979,6.74364023,17.50216226,16.19157696,0.197106474,3.115871582,14.31595743,-0.570975492
261,30,2.09213713,74.35876631,27.52508332,13.60793949,62.76411391,4.612315771,18.30038362,11.2196448,0.180351439,3.430987358,9.981638488,-0.369937813
262,63,3.187282667,76.69497073,19.41113921,20.35082402,200.798808,9.866863761,26.53475688,14.02111938,0.205189137,-7.293145456,21.51955908,-0.531539278
263,6,5.609371524,60.13188682,41.373515,4.458831066,33.65622914,7.548218052,7.415085908,37.01788261,-0.894947809,7.057221476,9.507176561,-0.803931916
264,33,3.517070394,85.34320159,28.45211349,15.48257848,116.063323,7.496382022,18.1415487,9.53344188,0.113437172,1.74433278,10.28139722,-0.229862849
265,34,3.206614972,73.30330636,26.71620839,15.11337336,109.0249091,7.213803725,20.61758755,22.75767727,-0.084593988,11.58143401,11.00578322,-0.314430639
266,17,4.235790597,72.5387128,18.11812039,5.139210464,72.00844015,14.01157642,7.084783099,8.307444589,0.650097239,-8.269213838,20.15434783,-1.264827038
267,59,2.539498532,87.62249998,19.73746069,19.30706265,149.8304134,7.760394014,22.03436635,22.82514809,-0.010848538,11.25540086,14.31256022,-0.382187915
268,81,1.74465224,75.445217,14.8367013,19.96818148,141.3168314,7.077100716,26.4671271,6.846746496,0.166687447,-6.719944979,11.74308536,-0.233842307
269,45,3.099237037,88.26657829,27.2617138,20.61705728,139.4656667,6.764576766,23.35771668,12.49358768,0.096805543,-1.414787631,13.56721224,-0.340475778
270,24,2.011607162,55.37782469,32.90094849,13.2919414,48.2785719,3.632168579,24.00228155,4.090661037,0.160041165,2.297377735,4.578299305,-0.113630754
271,46,1.835064473,97.12588967,15.58386228,11.93781988,84.41296575,7.071053726,12.29107905,16.0167641,0.417044224,0.75346341,19.98228233,-1.107949798
272,16,3.978718552,80.59749266,34.56380208,9.383615253,63.65949683,6.784111998,11.64256473,19.57237225,-0.124282216,6.759652201,9.721333318,-0.435548315
273,40,0.852418511,85.74636059,19.4334507,12.93502988,34.09674042,2.636000129,15.0852232,7.66598575,0.057745575,1.860853021,5.618831641,-0.246924659
274,27,3.612479815,79.42629333,38.7390422,17.53759847,97.536955,5.561591295,22.0803436,7.162535525,0.092545571,1.292051909,7.653765242,-0.154669804
275,82,0.818977564,75.01881794,8.269471758,11.24406718,67.15616025,5.972586178,14.98832892,12.75464652,0.068194522,4.255322217,9.593918056,-0.36769152
276,62,0.484657905,69.57141083,7.839286238,8.077854116,30.04879014,3.7198976,11.61088157,3.351140056,0.309816507,-0.769175694,5.221183354,-0.222273185
277,98,2.787664938,80.04585576,10.3285375,16.86101493,273.1911639,16.20253378,21.06419473,39.77217312,0.15808228,11.41439523,36.60333849,-1.197968644
278,58,2.752342465,69.69208333,20.10097491,19.39759654,159.635863,8.229672301,27.83328553,9.552380664,0.316349,-7.786263151,19.1064076,-0.491061517
279,32,1.358570431,61.7804503,28.89396386,15.47411259,43.47425379,2.809482839,25.04694045,1.957303087,0.307735886,-4.275621766,5.080719313,-0.125537271
280,66,0.561612428,60.96013402,15.34063811,16.97372565,37.06642026,2.183752761,27.84397693,3.135285908,0.105137645,0.045689352,3.340429985,-0.075611718
281,129,0.148634487,80.98460796,9.508158899,20.50451073,19.17384879,0.935103941,25.31902203,2.745602111,0.142857167,1.591105274,1.934028162,-0.046510858
282,48,1.426048618,54.25356428,10.28886131,8.206462272,68.45033368,8.341028254,15.12612559,6.322696802,0.300924724,1.37642457,9.277906941,-0.311561419
283,28,3.558016378,92.15848903,32.12098254,15.05986621,99.62445858,6.61522866,16.34126858,16.00900485,0.176863465,4.719147081,15.11373336,-0.597902838
284,61,0.864021113,66.2219967,6.341498416,6.399481499,52.70528789,8.235868468,9.663679469,19.75828267,0.044055388,3.712100747,13.29053153,-0.907861519
285,20,2.83097162,74.78213956,16.85586192,5.715288203,56.61943241,9.906662691,7.642584494,22.04208291,-0.020361355,4.319716342,13.88267995,-0.935912609
286,95,1.948476729,79.61873465,14.42618842,22.74131939,185.1052893,8.139602022,28.56277419,12.69212028,0.231767846,-5.996542211,20.07460415,-0.488920355
287,106,1.828971195,92.55050053,11.23824765,19.91244512,193.8709467,9.736169795,21.51522142,32.16266882,0.101766781,8.806764107,25.90576043,-0.861660526
288,49,0.872588802,75.74491954,18.319393,14.84270317,42.7568513,2.880664714,19.59564188,7.844795596,0.036172168,3.083955058,5.387961082,-0.178958779
289,83,2.024709144,72.17705578,15.18483728,20.97863877,168.0508589,8.010570218,29.06552303,18.33952408,0.065019367,6.591329494,15.29195121,-0.357907993
290,53,2.054071685,74.26278487,22.85452472,20.2265124,108.8657993,5.382331721,27.2364044,16.45970654,0.094909254,9.193939369,11.53934772,-0.313443323
291,50,2.753336127,65.78801333,13.73699564,11.34748219,137.6668064,12.1319253,17.24855581,14.02399159,0.186774455,-2.306895743,17.92766067,-0.585618309
292,34,2.481699743,77.90896293,24.06375635,13.79894975,84.37779125,6.114798066,17.71163321,16.80105672,0.345386943,8.396898652,13.69487531,-0.578062067
293,36,1.351915702,54.97549084,13.23062106,7.918579732,48.66896528,6.146173547,14.40383635,10.05098312,0.334431368,2.690600058,9.314068881,-0.457471074
294,45,2.613182644,87.31739658,16.5447968,12.45965243,117.593219,9.437921293,14.2693815,8.519565105,0.270891712,-1.882882017,13.68218144,-0.333510194
295,78,3.318423358,77.423568,15.21116011,19.81510961,258.837022,13.06260864,25.59312381,21.35280034,0.151227513,-0.828341718,25.99811335,-0.631471757
296,64,0.183607103,75.16290734,15.41638355,16.51561167,11.75085456,0.71149981,21.97308786,3.486462323,-0.181102619,0.840984749,1.56645622,-0.0502924
297,88,0.198832357,71.27044161,14.49585407,21.23317868,17.49724746,0.824052193,29.7924051,2.656810345,-0.003759327,0.554906611,1.659527861,-0.040483911
298,39,3.428917524,82.02768199,22.26414711,14.59638292,133.7277834,9.16170699,17.79445983,13.62851433,0.18944836,2.095888023,16.18551125,-0.478633396
299,67,5.220756516,77.34004087,15.6142775,17.50503544,349.7906866,19.98228954,22.63385853,29.68966609,0.239062837,-13.04559342,44.79013023,-1.321048147
300,72,1.733154739,84.58413737,20.46556743,24.54141369,124.7871412,5.08475766,29.01420343,13.27658633,0.022456385,6.143219646,9.881585631,-0.212572366
301,57,2.142000214,88.00610298,19.25564866,18.16754177,122.0940122,6.720447586,20.64350216,13.35457679,0.257405099,-0.218696471,17.2683911,-0.580589598
302,62,4.548905645,82.42254991,21.00334308,21.68142985,282.03215,13.0080051,26.30521607,27.32966454,0.038736693,11.42011425,22.21750555,-0.474365744
303,36,3.156476057,95.55682295,29.3157749,17.68149281,113.633138,6.426671055,18.5036424,23.44392822,0.133087013,6.340499209,18.22473165,-0.694047629
304,42,1.529818362,53.84526402,18.3474971,12.91799452,64.2523712,4.973865803,23.99095771,9.030635418,0.010814683,4.124824663,6.142484998,-0.161902975
305,20,4.881733036,90.74268738,38.38768289,12.88875518,97.63466071,7.57518157,14.20362958,3.885949215,0.494701078,-6.524430092,13.74012439,-0.450536829
306,57,1.418475933,98.18871404,18.89359115,17.93358046,80.85312819,4.508476618,18.26440099,8.401462226,0.284485748,-2.278839828,12.29797497,-0.435306806
307,58,2.69969149,84.98299623,20.53620395,19.94150468,156.5821064,7.852070789,23.46528785,8.410875981,0.101021822,-0.18623028,9.827345774,-0.130508834
308,44,1.539609638,95.47889385,12.4874739,9.23698045,67.74282406,7.33387111,9.674368939,10.35393369,0.2646732,-1.06583591,12.70152331,-0.569517372
309,55,1.818911343,73.58743273,24.0982378,21.92813558,100.0401239,4.562181016,29.79875064,7.330722746,0.082539953,0.411625838,7.772710813,-0.156511732
310,84,0.850119607,71.69498866,4.88108951,6.864625305,71.41004701,10.40261396,9.574763081,17.46814032,0.639387293,-0.273178302,23.53121283,-1.768802576
311,51,5.185507438,70.06711954,21.27072334,17.95617956,264.4608794,14.72812624,25.62711251,23.59973836,0.078243077,8.645910213,22.29047972,-0.50092979
312,66,1.077518337,71.8673898,16.26842363,17.81499779,71.11621023,3.99192922,24.78870854,6.747202725,0.117444945,2.089575364,6.850598742,-0.16429139
313,37,0.329363204,87.03011043,11.23128893,6.896469867,12.18643854,1.767054562,7.924234306,4.088153932,-0.01048878,0.733836166,3.334363535,-0.213642657
314,72,1.91674862,74.80614315,8.082597443,9.707238275,138.0059006,14.21680366,12.97652555,31.99680719,0.14038696,6.895857945,26.5711948,-1.339980879
315,9,0.615549442,74.81351805,28.04590984,4.014191917,5.539944976,1.380089714,5.365597049,2.131407643,-0.072278771,0.545400626,0.926107789,-0.019205754
316,63,0.200307265,95.20298614,22.65862661,23.64364678,12.61935772,0.533731443,24.83498443,1.450255835,0.075527185,0.487794125,1.377983603,-0.040273055
317,111,1.942562235,90.54662232,8.426065825,15.6310858,215.6244081,13.79458924,17.26302473,26.1429278,0.152003948,3.730164784,27.69756289,-0.908870795
318,25,0.825345386,64.91714156,20.50445098,8.650990073,20.63363466,2.385118291,13.32620301,2.066377116,0.355642756,-2.236805858,4.025655064,-0.181894107
319,22,2.675824658,62.34547547,30.21889852,10.84753009,58.86814248,5.426870633,17.39906546,2.071123929,0.220026416,-2.435220414,4.074902587,-0.032529482
320,79,2.318285277,86.28320885,8.917234332,11.73814829,183.1445369,15.60250665,13.60420927,16.84208087,0.307007783,-9.875733346,29.11229719,-1.115656666
321,13,2.291329717,60.28840734,25.02444537,5.444751312,29.78728632,5.470825867,9.031174571,1.55815515,0.495618138,-0.144686576,3.189907875,0.033657427
322,31,4.037121456,73.97048049,21.31171294,10.88136399,125.1507651,11.50138579,14.7104141,12.27061348,0.170791944,0.102381224,14.6119849,-0.413030871
323,30,1.716906002,64.63827345,14.94556641,7.536817543,51.50718006,6.834075492,11.65999205,16.39570084,-0.091419992,5.380110097,8.803191636,-0.438228649
324,37,2.113342716,59.78307051,13.86272602,8.477005806,78.1936805,9.224209855,14.17960927,15.46904543,0.181209307,2.180271042,14.44453445,-0.669020691
325,49,4.077913022,77.28610636,23.93029858,19.64286153,199.8177381,10.17253712,25.41577323,10.80359703,0.099812599,-8.003737281,14.53712004,-0.264370486
326,27,2.26486409,55.147004,20.06186123,8.98194166,61.15133044,6.808252909,16.2872704,4.539739213,0.393444629,-9.26683559,11.17167143,-0.425481547
327,92,2.262805225,72.678827,10.690829,16.31438488,208.1780807,12.76040023,22.44723196,21.55503804,0.15188877,0.617370619,24.21489276,-0.694200565
328,36,1.681893452,59.10176729,19.98324116,11.98528233,60.54816428,5.051876346,20.27905911,12.25863795,0.007252735,4.77384766,7.771207437,-0.265402271
329,47,1.084415948,91.04406486,7.573962671,5.937840423,50.96754955,8.583516214,6.521941252,9.454426182,0.841087763,-4.02082752,19.62414751,-1.709597084
330,119,0.643139264,94.63898956,6.831242518,13.50369224,76.53357238,5.667603422,14.26863527,13.97257532,0.39577178,0.803274557,16.94647256,-0.866908105
331,121,2.115929572,76.24045563,7.067240749,14.28390572,256.0274782,17.92419267,18.73533625,34.37068661,0.142897086,6.529528581,33.95563024,-1.139304287
332,67,1.198528052,88.75404743,16.00299745,17.90708138,80.30137947,4.484336546,20.17607298,8.186350352,0.154957445,-0.152997032,9.55441628,-0.285955487
333,35,4.636873454,83.43246724,33.1750165,19.62599517,162.2905709,8.269163908,23.52321083,21.6095557,0.088042236,9.371114279,17.57296831,-0.495005855
334,86,0.240164017,58.12829209,9.927299632,14.22281687,20.65410543,1.452181071,24.46797654,4.130300303,-0.079758405,1.18664064,2.237355814,-0.062621955
335,80,1.78854723,77.32829155,16.41855764,21.84606469,143.0837784,6.549636306,28.25106342,9.630942237,0.211744562,-1.130877515,14.51461768,-0.344360809
336,48,1.851866448,50.34805632,5.099597685,4.079259643,88.88958948,21.79061822,8.102119408,30.41368723,0.22191723,4.821829875,25.26126432,-1.871290081
337,45,1.872668461,85.69878629,21.10763619,15.84508936,84.27008073,5.31837207,18.48928095,13.62091517,0.197821715,2.160588791,13.34567587,-0.499621184
338,8,5.964741719,88.81862042,28.94337356,3.879837872,47.71793375,12.29895045,4.368270812,1.660137368,1.874453251,-43.42522086,43.18493109,-5.107995851
339,15,3.4944079,80.15160311,21.34061677,5.209333653,52.4161185,10.06196224,6.499350545,12.46958036,0.690104534,-0.318806914,18.50965966,-1.576655864
340,30,2.712983721,63.47933476,27.05821145,13.49806251,81.38951162,6.029718085,21.26371135,9.377201648,0.117153158,1.900774162,9.106350078,-0.256010048
341,104,1.005190474,74.86233862,7.911399708,13.75619945,104.5398093,7.599468857,18.3753269,13.16010356,0.15336474,1.700927243,13.74485096,-0.461140622
342,25,1.93539479,77.91846641,19.60248472,8.230758629,48.38486974,5.878543149,10.56329649,10.01336887,0.264660759,0.265729985,10.75441812,-0.591292778
343,60,1.942474428,89.99387067,26.54862512,26.76247193,116.5484657,4.354921549,29.73810519,7.747306872,0.168981693,-3.715967663,11.07562083,-0.246951368
344,70,2.288296247,82.78882459,14.51368377,16.87023449,160.1807373,9.494873195,20.37742966,18.01110605,0.102254217,1.130730704,18.20614842,-0.544743543
345,90,0.78386881,77.32051976,11.63793347,17.39812866,70.54819293,4.054929947,22.50130847,5.749223633,0.445927451,-3.539921918,11.53582622,-0.376108847
346,78,1.587187098,95.34474507,18.57600223,24.10525201,123.8005936,5.135834862,25.28220301,11.92576096,0.098047664,1.717558095,11.99452485,-0.297455196
347,47,1.966973884,73.20948755,26.7521617,21.0288723,92.44777254,4.396230631,28.72424463,7.680543256,0.162629134,-0.336781061,9.464904584,-0.224778812
348,73,2.022998345,91.41913615,15.34362855,18.54352947,147.6788792,7.963903497,20.28407864,18.26752209,0.212001316,1.971182562,20.54788304,-0.673889798
349,83,1.15985881,91.12196739,3.871218701,5.375970698,96.26828119,17.90714396,5.899752664,37.14916605,0.656169772,0.546910137,42.77170142,-4.596710974
350,49,1.93840563,83.06507866,21.03139659,17.34840426,94.98187585,5.474963254,20.88531612,13.55786544,0.074962236,3.637724976,11.24386366,-0.350657171
351,95,0.334564764,99.96120481,14.0206087,22.10333725,31.78365255,1.437957182,22.11191561,5.653964282,0.082780563,1.354554811,4.287715788,-0.138795468
352,32,1.570665452,87.46258174,28.28296816,15.0245366,50.26129448,3.345280843,17.17824503,5.46556082,0.155982806,0.509185536,6.095404766,-0.185915534
353,73,2.460648903,84.07252216,12.34344689,14.94279231,179.6273699,12.02100425,17.77369338,34.47088872,0.041536556,12.37769403,24.4830168,-0.900448438
354,43,1.534021859,83.58626396,14.23235044,10.11768428,65.96293995,6.519568917,12.10448201,13.11232531,0.209034801,2.09235685,12.78281892,-0.639863775
355,54,3.651426782,81.38592301,17.02895476,15.45606001,197.1770462,12.75726453,18.99107295,28.84778546,0.134570812,3.420581735,27.45775261,-0.955414757
356,53,1.728870326,89.01560711,17.09197317,14.98655066,91.63012727,6.114157241,16.83586862,20.96128389,0.236379853,5.684430906,17.46123167,-0.756979947
357,91,0.552700453,97.47081296,12.94094082,19.67656696,50.29574119,2.556123805,20.18713742,7.58289543,0.189020673,1.319529659,7.496831753,-0.264167838
358,38,2.095242574,71.64018814,20.43443778,13.0913399,79.61921783,6.081823437,18.27373746,10.15072322,0.094189422,2.485278287,9.336872952,-0.293409614
359,60,1.250310117,56.33445894,13.87889951,13.77396486,75.01860703,5.446406159,24.45033664,10.36342767,0.071566188,4.482316175,8.046012512,-0.218634213
360,43,5.442354322,75.31476152,25.9202108,18.36487564,234.0212359,12.74287071,24.3841649,25.87540557,0.111379535,8.159888207,24.60322635,-0.650227676
361,34,1.374710609,52.51502533,14.38687109,8.143357251,46.7401607,5.739667224,15.50671869,18.130581,-0.078028575,6.068164598,8.411555788,-0.39885881
362,18,3.735312143,88.72907651,25.30421931,7.573235457,67.23561857,8.878057331,8.535235297,0.463947423,0.76146429,6.961695226,-2.879610335,1.131411974
363,49,0.611454315,42.30822933,3.532809048,2.859250303,29.96126144,10.47871234,6.758142205,6.639789318,0.683003384,-2.242864515,11.40051479,-1.028809024
364,36,1.15049862,52.22362531,24.52593447,14.76606508,41.41795032,2.804941608,28.27468409,4.05729647,0.030700852,1.258541573,3.281244791,-0.070438954
365,51,1.61832271,78.38788864,13.60811182,11.53893006,82.53445823,7.152695942,14.72029705,23.21057869,0.28046958,5.118059551,18.3887574,-0.919569579
366,13,4.830756497,84.51982559,37.16737565,8.077421526,62.79983446,7.774737799,9.556836482,9.395802638,0.327060515,-3.61383214,13.73033268,-0.731058588
367,80,1.314346792,84.25992914,12.13814168,16.18833525,105.1477434,6.495278343,19.21237701,11.42202349,0.158118202,-1.022685307,13.29586133,-0.426079584
368,48,3.926717735,89.39308531,33.27220189,26.50539611,188.4824513,7.111097323,29.6503874,15.77217274,0.247830323,3.797711923,20.09416445,-0.505776087
369,51,0.621759419,73.27198314,16.26191366,13.8884643,31.70973038,2.283170385,18.95467231,2.262870271,0.244796561,-0.845255627,3.735677916,-0.107634317
370,57,3.635906455,73.33707606,15.3746893,14.70742303,207.246668,14.09129713,20.05455333,34.2403949,0.069997975,9.817467788,26.90808294,-0.914151356
371,54,1.272259092,75.18353267,11.04672485,10.01239276,68.70199097,6.861695561,13.3172683,25.41453529,0.253341608,5.590078614,17.80243576,-1.007332357
372,51,4.305232076,87.70771932,26.09802724,22.15354909,219.5668359,9.911135906,25.25838007,21.71384354,0.20933304,1.824976878,26.30918215,-0.708173364
373,54,1.574957871,77.07827373,22.70036519,20.39429221,85.04772502,4.170172916,26.4591969,15.29363632,0.079538096,7.141285153,10.17041031,-0.27989725
374,92,2.50270869,75.43789061,14.61256383,22.33911717,230.2491995,10.30699637,29.6125952,20.53430204,0.051533018,4.624555534,18.35131544,-0.381616471
375,95,2.803218241,74.43409318,10.85272021,17.26845661,266.3057329,15.42151328,23.1996601,41.46169027,0.161560077,11.64241705,36.43670735,-1.166310844
376,30,3.079526963,74.40922686,31.79219986,15.81563206,92.38580889,5.84142376,21.254934,11.09548086,0.012456514,7.357506928,7.376484838,-0.163065274
377,38,2.378262687,73.68267143,23.75734679,15.00507017,90.37398209,6.022896332,20.36444917,11.16809337,0.132310568,1.233169637,11.29368759,-0.357088685
378,68,2.253591497,92.22057007,18.56341635,20.96426923,153.2442218,7.309781233,22.73274739,16.89134503,0.387186991,-2.950521392,25.80841308,-0.835193378
379,104,0.476367551,62.62639756,4.255936599,7.392991793,49.54222527,6.701241751,11.80491307,12.5360024,0.139501812,2.276367086,10.40931645,-0.585787944
380,11,3.763116399,79.46896855,29.52172604,5.58915996,41.39428039,7.40617207,7.03313515,9.291419075,0.638921055,-0.28268932,13.43531979,-1.111834688
381,122,2.935584707,78.91987562,11.13129821,22.56733609,358.1413342,15.86989855,28.59525046,69.69448502,0.081498343,33.26795724,44.42759998,-1.269897175
382,35,1.76824063,74.12370335,15.6640135,9.012514396,61.88842205,6.866942934,12.15874813,9.298768444,0.330966035,1.074866766,11.68050645,-0.543012398
383,109,1.209960041,84.78291122,3.31839756,6.017825022,131.8856445,21.91583238,7.097922135,102.378429,0.39236377,12.78293482,66.18551611,-7.60620346
384,70,1.992179187,94.3297904,22.59331752,26.36435267,139.4525431,5.289435507,27.94912674,14.73105546,0.080866086,3.963025663,13.18766513,-0.316429493
385,8,2.603076842,52.12783839,31.65887185,4.346721092,20.82461474,4.790878985,8.338579206,5.921138515,0.029363757,2.568705255,3.443588506,-0.164019447
386,98,1.482158108,86.92898093,14.80553722,24.25635377,145.2514945,5.988183382,27.90364446,11.33963792,0.156397868,-2.383545717,14.50487839,-0.349146674
387,68,0.703769178,99.72977846,17.10396896,19.31319966,47.85630413,2.47790656,19.36552949,8.420728966,0.328099464,1.945576499,8.633289364,-0.34085614
388,52,0.660374363,57.95890838,16.43376747,14.12816491,34.33946689,2.430568096,24.37617496,2.261869232,0.15930149,0.02137471,3.059015109,-0.068373579
389,85,1.038118925,89.23459074,3.536749342,5.029169841,88.24010866,17.54566091,5.635897244,35.62468724,0.370431358,1.504739271,35.24486997,-3.723156378
390,121,1.798807981,97.22927458,7.941920122,16.02330516,217.6557657,13.58369971,16.47991845,24.53349489,0.197735388,-1.936513626,30.24510173,-1.045875734
391,74,2.068471643,72.65779188,15.35166593,18.86389067,153.0669016,8.11428057,25.9626534,18.73192498,0.239148327,8.143453606,19.16667235,-0.547667899
392,34,1.650731866,92.89715061,23.28021962,13.05324893,56.12488343,4.2996869,14.05129097,5.684079549,0.161364097,0.626294542,6.391044266,-0.173829995
393,12,2.630272532,79.28530133,29.38891506,5.877897712,31.56327038,5.369823009,7.413603295,3.235223519,0.428285239,-2.24458553,5.875624694,-0.212867155
394,79,1.27754003,96.67136575,20.00324486,26.43192037,100.9256624,3.818325002,27.34203677,15.45647376,0.10265461,7.059743479,11.54036527,-0.309804423
395,61,1.945874628,91.34676663,14.82438103,15.18567498,118.6983523,7.816468644,16.62420635,8.527651694,0.315633022,-11.29295738,17.80737784,-0.61571707
396,51,1.656488857,68.4191582,11.54237928,9.724480405,84.4809317,8.687449425,14.21309566,13.7582354,0.121408805,3.970276548,12.055369,-0.456269378
397,70,0.924178881,83.70436218,8.18095276,9.498448122,64.69252165,6.810851712,11.34761424,11.55377956,0.414451953,-0.456055502,15.39939779,-0.877025271
398,51,3.187103072,93.73968478,24.81186318,21.16332694,162.5422567,7.68037356,22.57669949,16.39619689,0.053256433,9.182026727,13.1340762,-0.278204609
399,49,1.768475225,96.64160505,14.61590974,12.01826817,86.655286,7.210297255,12.43591532,12.07429776,0.312075344,-1.346035233,16.48225178,-0.762422435
400,54,1.053181256,76.2814877,13.9873959,12.48581916,56.87178782,4.554910421,16.36808555,7.830019954,0.194201158,0.469478552,8.653657978,-0.327641681
401,33,0.661860676,68.39813631,27.53488514,15.2465398,21.84140232,1.432548146,22.29087023,3.042436795,0.012678176,1.455448049,2.060617771,-0.053478708
402,60,0.460919831,81.34369808,21.86540655,21.88802086,27.65518984,1.263485174,26.90807202,2.903595745,0.005383363,1.286242542,2.070481051,-0.041081152
403,84,3.460221749,84.21501458,15.62486255,21.98363534,290.658627,13.22159063,26.10417567,47.60733171,0.078957633,19.94749809,34.3008067,-0.98541342
404,58,2.661097847,93.27511673,11.49998297,11.12343614,154.3436751,13.87553928,11.92540576,16.73389636,0.263065256,-3.164049758,23.39927595,-0.838158791
405,35,0.841111341,76.8478053,17.0258678,10.02154513,29.43889694,2.937560682,13.04076946,5.768694248,0.117267995,0.704297465,5.109494202,-0.234738619
406,12,0.662168959,44.66342633,11.2803679,2.332745498,7.946027509,3.406298507,5.222943446,9.280682033,-1.255540338,1.982029279,1.869659913,-0.140997509
407,76,3.57356447,80.64113774,18.40536663,23.24446044,271.5908997,11.68411288,28.82456906,37.20920679,0.145007128,18.97182969,30.37816519,-0.803485411
408,36,3.448405251,91.71408257,34.31381814,20.78352614,124.142589,5.973124494,22.66121576,11.22809156,0.067185427,6.424049081,9.62083206,-0.195592397
409,66,2.307568914,87.76183379,6.408706345,6.998521188,152.2995483,21.76167568,7.974447303,72.63166277,0.344567955,9.165152015,57.47237072,-5.278279607
410,66,2.021374934,88.43179879,21.33400261,23.36655973,133.4107457,5.709473162,26.42325504,14.78415044,0.002850345,9.063595005,9.841526428,-0.202393348
411,53,4.224088607,94.75104396,31.14515403,27.70105013,223.8766962,8.081884806,29.23561469,25.52823476,0.032002822,12.21972007,18.86375283,-0.422101625
412,41,2.296592025,58.87305956,21.23348689,14.64417899,94.16027304,6.42987723,24.87415993,5.318870618,0.316623014,-8.123433538,11.79516776,-0.327616107
413,76,1.902492175,75.99867547,15.12187095,19.24676666,144.5894053,7.512399765,25.32513434,11.02681786,0.090051214,3.337471158,11.28410929,-0.224497551
414,7,3.003752115,81.61717483,18.64290828,2.308732727,21.02626481,9.107275417,2.828733942,13.97431211,0.407439945,1.367614676,10.8413372,-1.377488753
415,27,4.245941053,83.14870495,25.39870178,11.61953875,114.6404084,9.866175492,13.97440737,17.02314631,0.344185548,-2.919345388,22.94789999,-1.07968795
416,37,4.302753627,93.93788576,38.72457723,23.81834416,159.2018842,6.684003016,25.3554186,8.830282305,0.105909453,3.492839571,10.28471267,-0.159382824
417,12,4.204791314,72.78672885,33.08283483,6.62962654,50.45749577,7.61091073,9.108290268,15.57509072,0.042985037,4.444353057,10.19041479,-0.56917386
418,25,4.080841371,82.58297139,33.21838331,14.07806107,102.0210343,7.24681004,17.04717187,12.58179195,0.248529713,1.959134924,15.04051227,-0.547666474
419,49,1.786464084,72.66671799,19.86359091,16.2710197,87.5367401,5.379917282,22.3912957,4.963435884,0.2062459,-1.964242658,8.242600822,-0.180869035
420,28,3.27416899,87.97830452,20.48711247,9.583082591,91.67673171,9.566517958,10.89255203,22.52130096,0.203159853,5.207528217,19.55258354,-1.095772814
421,78,0.56373659,84.41609511,6.777001161,8.760731783,43.971454,5.01915309,10.37803487,14.32228058,0.358800859,2.20138544,12.71279765,-0.859553586
422,29,4.109324644,51.45640242,16.93716446,8.124134415,119.1704147,14.66869067,15.78838402,28.98906721,0.092012172,9.257458613,19.84671173,-0.846200709
423,75,0.938559977,82.36835455,10.7585416,13.47798599,70.39199824,5.22273864,16.3630633,9.126402849,0.161277639,-0.258040163,10.00453411,-0.355315853
424,76,0.942499623,64.30363079,2.8458262,3.620060339,71.62997132,19.78695508,5.629635985,35.44907355,0.308812635,3.467378452,29.70456557,-3.189684783
425,41,3.226399187,76.59750471,23.71382615,16.2759157,132.2823667,8.127491508,21.24862391,3.860576621,0.249432556,-4.525547091,9.95922864,-0.156370431
426,25,0.716444511,53.0277262,8.224174876,3.469884065,17.91111279,5.161876435,6.543527913,7.712711349,0.243166453,0.545254071,6.495793745,-0.61479149
427,11,3.214364605,85.77787047,26.79838502,5.116115452,35.35801065,6.911104917,5.964376853,1.61034905,1.135948964,-5.930599481,10.03569662,-0.465697714
428,94,1.340264682,81.95755892,4.953747381,7.75316539,125.9848801,16.24947667,9.459975982,27.1951891,0.245805723,2.113788345,27.98859501,-1.589995686
429,62,0.101402469,65.04013266,5.468922103,5.67761054,6.286953082,1.107323765,8.729395694,3.537383218,-0.536472469,1.534661594,0.457363146,0.008318021
430,47,2.441297643,63.81763331,9.693071632,7.543401667,114.7409892,15.21077549,11.82024666,34.45992052,0.01378093,8.848002321,22.38308522,-1.187058463
431,14,5.010707476,93.03107089,36.65784369,8.382379153,70.14990467,8.368734387,9.010300616,35.0126494,-0.206753506,9.32942471,15.86632665,-1.035068289
432,107,1.359501023,64.33746936,10.8106077,19.2216882,145.4666094,7.567837327,29.87635105,17.10975365,0.020348551,8.140365717,12.2840301,-0.283136827
433,35,2.923413351,84.39221676,34.11097657,19.99208307,102.3194673,5.117999306,23.68948682,13.74344299,0.067829342,5.580318141,10.68675873,-0.283586083
434,75,1.015815269,86.46468915,18.04000379,22.44499606,76.18614516,3.394348788,25.95856907,6.173119365,0.086660958,1.016310861,6.374064854,-0.140552925
435,64,4.059648219,70.09301584,19.17872639,20.5631992,259.817486,12.6350712,29.33701589,33.40094488,0.000327635,19.07623662,21.40178366,-0.484164294
436,23,1.035218827,75.67436838,24.33768954,9.381221433,23.81003302,2.538052554,12.39682819,8.852378628,-0.203286554,2.871590416,3.841519461,-0.178116576
437,62,1.124927988,79.12978896,10.12627042,10.50903558,69.74553526,6.636720822,13.28075775,17.72945796,0.196210966,3.235495905,14.93045187,-0.800658491
438,61,1.049561779,86.27092525,22.14921208,22.57537303,64.0232685,2.835978321,26.16799689,5.084689017,0.187750489,0.557118802,6.585995025,-0.165569656
439,72,2.876039065,62.85572525,11.60235179,13.9287907,207.0748126,14.86667559,22.15993952,31.24419201,0.096080666,9.180794828,25.6309969,-0.807987856
440,53,0.289175605,83.89256528,16.54248924,14.49667876,15.32630704,1.057228852,17.28005183,3.122812068,-0.067598686,0.280512205,2.13656626,-0.083269802
441,56,1.507385125,81.87928229,20.28079613,18.96387817,84.413567,4.451281865,23.16077723,12.83536902,0.220686176,4.220238213,12.11464023,-0.384718537
442,27,2.956004354,81.35759672,27.14124056,12.37909189,79.81211755,6.447332183,15.21565581,7.431209588,0.369195471,2.76058318,11.82901756,-0.431288045
443,44,2.46382779,89.01573762,10.95493412,7.995640913,108.4084228,13.55844065,8.982277884,18.99468552,0.714421557,-6.631942972,34.93910028,-2.567263603
444,71,1.426643384,69.999033,17.5749154,20.82975207,101.2916803,4.862836579,29.75719974,5.328497748,0.156853614,-4.910299403,8.603900952,-0.174191357
445,7,3.668928604,52.62074083,27.14138711,3.288590627,25.68250023,7.809576546,6.249609136,19.22381621,0.495245057,1.679682936,14.4777553,-1.703160455
446,30,4.170758639,90.18230937,36.17273044,18.1096808,125.1227592,6.909164249,20.0811899,30.36606281,-0.090813999,13.64871386,15.10478681,-0.507284998
447,47,4.437317011,71.20525523,10.79202776,8.475136985,208.5538995,24.60773199,11.90240377,37.42870711,0.122296096,9.634586517,32.57485528,-1.377256203
448,55,0.352684509,69.66453101,13.27453953,12.27653904,19.39764801,1.580058349,17.62236659,1.583878581,0.219924708,-1.258105304,2.302613261,-0.065464558
449,55,2.744003058,65.71852967,12.97090732,11.96260155,150.9201682,12.61599891,18.20278331,17.51987972,0.140590266,1.174482603,18.66137783,-0.588319183
450,98,1.990914355,67.46305668,6.044087008,9.84468893,195.1096068,19.81876809,14.59271105,39.76716671,0.152365955,7.652866801,34.56747158,-1.555468953
451,49,2.05403534,69.50426239,22.93264465,18.8444834,100.6477317,5.340965286,27.1127018,14.60756919,0.128509155,6.877836437,11.39166175,-0.301756522
452,11,0.968613704,72.17406205,18.28043742,3.334097545,10.65475075,3.195692568,4.619523205,5.436274795,0.197616043,0.864666415,4.343275911,-0.477765566
453,23,1.663931678,80.10167672,32.18577633,12.43639601,38.2704286,3.077292536,15.5257624,3.950508087,0.119807784,0.026491688,4.289427148,-0.126521105
454,34,1.235993623,77.23671601,19.35986135,10.84221088,42.02378318,3.875942245,14.03763837,7.050456263,0.307875778,0.03203915,8.261371263,-0.392457187
455,50,1.565975292,90.4152787,11.3542945,9.443065873,78.29876459,8.291667731,10.44410415,25.43312836,0.192164109,4.221945,20.01021672,-1.290148128
456,65,0.561787454,57.42457089,4.797754947,5.226306928,36.5161845,6.98699579,9.10116845,7.393614052,0.381579002,-0.606535858,9.450764705,-0.610206365
457,35,2.955541836,84.35707198,37.34993891,21.91382826,103.4439643,4.720488042,25.97746431,11.81227271,0.077692668,4.073986485,10.07967737,-0.249444077
458,65,3.53854311,78.0032619,17.44855443,18.80286592,230.0053022,12.23245984,24.1052303,41.09987016,0.011055077,20.77392819,25.17268535,-0.746886789
459,61,2.028098015,82.45599273,19.36114514,19.53770783,123.7139789,6.332062084,23.69470936,51.90054653,-0.039304237,19.39274474,21.37202603,-0.725132991
460,58,0.113437945,66.52307674,14.95056122,14.47182549,6.579400795,0.454635167,21.75459434,3.227389611,-0.562403682,0.81450025,0.468247289,-0.003618487
461,52,3.346805185,78.47969883,20.92663248,18.12296272,174.0338696,9.602948053,23.09254877,20.16056548,0.155032467,5.076139595,20.77758585,-0.606034352
462,51,2.117977703,63.84515388,8.869109026,7.573537112,108.0168628,14.26240623,11.86235235,22.88644748,0.309711148,-0.051538396,25.53952327,-1.463395467
463,57,1.670403847,74.8553759,20.75130116,19.72252049,95.21301927,4.827629374,26.34750044,29.18649642,-0.017041199,13.37059499,13.32358397,-0.39956407
464,7,4.509653243,79.25999727,33.01348037,4.037105413,31.5675727,7.819358048,5.093496786,3.477888596,1.159499428,-6.198085585,13.82539494,-1.238300345
465,70,2.73327384,89.67013593,18.8429659,22.10615919,191.3291688,8.655016331,24.6527553,32.29652209,0.093330858,13.08457154,23.71990623,-0.716929418
466,14,2.277791876,87.36880633,33.07167007,7.759334085,31.88908627,4.109771009,8.881126354,4.565396093,0.476825293,-1.814032966,8.043068621,-0.490146549
467,45,3.73587596,82.37175726,19.66071106,14.79508143,168.1144182,11.36285859,17.9613522,41.70594861,-0.032695309,15.85600029,23.56717818,-0.882177871
468,85,1.055337313,62.03168053,9.710479845,13.78378413,89.70367158,6.507913266,22.22055571,9.59327224,0.137042175,1.004403522,10.16852345,-0.291637536
469,60,3.519660966,74.02703768,13.85791708,13.86346485,211.179658,15.23281951,18.7275694,44.59763673,0.136708188,12.26979473,34.57243052,-1.289989336
470,22,2.524199542,82.5701058,24.2706643,8.924722932,55.53238992,6.222309684,10.80866113,8.820319023,0.196602915,3.00360831,8.473498431,-0.334923926
471,83,1.83242672,85.46561479,9.3501346,12.87314157,152.0914178,11.81463102,15.06236351,35.96207505,0.028191226,10.04690511,24.52368483,-1.060074977
472,33,4.362396493,68.27026965,34.58487288,19.22175489,143.9590843,7.489383,28.15538152,15.98248783,0.122907116,4.237881939,14.96293801,-0.359103594
473,39,1.060329548,68.65697593,16.30497375,10.61647079,41.35285236,3.89516,15.46306205,3.697431001,0.511962713,-3.579887253,8.1967035,-0.358814351
474,21,2.630084695,91.01818271,47.72505734,16.50114564,55.23177859,3.347148118,18.12950462,5.660863581,0.01918375,6.016666884,2.969913763,-0.014245335
475,59,2.763541472,80.98093961,16.66728724,16.49577719,163.0489468,9.884284019,20.36995035,18.98374026,0.119147514,2.854874213,18.95114984,-0.561718921
476,25,1.19309651,55.40554095,10.75013971,4.481901981,29.82741275,6.655079222,8.089266712,7.561200456,0.243301971,0.40842871,7.49252534,-0.47848166
477,111,2.305299173,87.68018649,10.96946472,20.20732511,255.8882082,12.66314105,23.04662652,32.81492198,0.107094059,6.905431406,30.17719623,-0.907303826
478,49,2.009808212,59.63729386,21.79823085,17.6966219,98.48060238,5.564937927,29.67375069,15.39398847,-0.036603205,9.901068929,8.166671796,-0.188976658
479,60,2.247195838,66.26442711,15.79973151,15.72238505,134.8317503,8.575782228,23.72673505,9.933856918,0.093611093,0.802656356,10.90957136,-0.230273398
480,45,3.910605446,69.23127497,27.04590281,20.32829808,175.9772451,8.65676233,29.36288273,5.175358017,0.286711709,-20.53532497,16.95374626,-0.350873326
481,84,0.982519392,56.8004388,3.97791333,5.595829283,82.53162896,14.74877534,9.851736011,15.96302353,0.575524767,-2.489971228,24.36382151,-1.672031927
482,47,3.084734252,66.08133703,17.06764071,13.48324618,144.9825098,10.75278964,20.4040154,12.65247799,0.138919913,1.480011331,14.54225481,-0.370577027
483,41,4.162117055,76.25092548,28.88598574,19.88731314,170.6467993,8.580686492,26.0814056,15.0021301,0.073698989,2.379489133,14.52343819,-0.321885848
484,58,1.874071446,75.48215349,9.997693324,9.678730969,108.6961439,11.23041277,12.82254218,27.26664463,0.092934276,5.578037254,20.99323718,-1.076486191
485,102,2.456090688,92.28695165,15.20740663,25.93512717,250.5212502,9.659534289,28.10270218,38.82949417,-0.002657154,19.9479637,23.80293843,-0.599190207
486,46,3.394621287,74.84964054,19.00296702,14.42422568,156.1525792,10.82571659,19.27093514,17.6242207,0.083447738,5.125406319,15.87175422,-0.422490989
487,62,2.315176261,92.56714718,25.92792892,26.92693265,143.5409282,5.330756759,29.08908124,11.96424862,0.028384137,5.868854121,9.53518338,-0.171679984
488,42,3.530287105,94.57575548,15.28711884,10.77087607,148.2720584,13.76601657,11.38862282,40.32669076,0.021449696,10.38547058,27.03648293,-1.352159673
489,72,1.82271979,89.10775772,5.935180641,7.158133586,131.2358249,18.33380494,8.033120537,47.12859615,0.408575404,4.032481979,45.62565236,-3.942214771
490,17,3.296634422,69.3581222,26.32574661,7.562374864,56.04278517,7.410738846,10.90337314,21.02660157,0.136856269,4.323359696,14.77759488,-0.919202844
491,42,3.503123999,79.17592135,23.96884237,16.90902378,147.1312079,8.701342539,21.35627031,22.7156986,0.140984842,6.985906778,19.37792959,-0.62649001
492,46,3.301633838,76.06792282,24.03350632,18.42073654,151.8751565,8.24479283,24.21616873,12.31626701,0.128567275,-5.605103892,15.50311084,-0.389415824
493,67,3.501420461,65.64066371,10.721916,12.03393428,234.5951709,19.49447,18.33304784,46.83729498,0.112687053,12.72307563,36.64817779,-1.453756417
494,72,1.810345862,76.06361739,12.70184714,15.25867437,130.3449021,8.542347713,20.06041113,28.87013542,0.131828694,8.882133899,21.01094562,-0.770286954
495,21,1.420656109,63.75769618,16.79791819,5.882070736,29.83377829,5.071985638,9.225663861,5.734476718,0.220906082,0.457442686,6.034661227,-0.324189088
496,50,4.353479379,89.6340754,25.61103245,21.41698687,217.6739689,10.16361313,23.89380018,12.84801512,0.146581729,-5.672088629,18.32766222,-0.367609834
497,14,3.740109784,72.82369934,32.0865181,7.317805729,52.36153698,7.155360352,10.0486597,14.65355443,0.338479917,1.32910284,14.11260314,-0.915702488
498,37,2.29207904,78.66985619,10.93165383,6.657729533,84.80692449,12.73811501,8.462872383,20.29773167,0.401141138,-0.940625773,24.75265492,-1.777824259
499,73,1.714333618,67.60376672,7.629473938,9.296043123,125.1463541,13.46232504,13.75077688,18.63256581,0.216647395,-1.157233269,21.77615956,-0.959405276
500,66,1.741107534,99.25452364,15.39298364,17.00030323,114.9130972,6.759473386,17.12798833,30.13690478,0.050031183,9.496123376,19.07277122,-0.801854973